session_id,user_id,user_type,start_hour,duration_minutes,late_night,avg_load,max_load,load_variance,has_quiz,quiz_score,message_count,whiteboard_actions,burnout_risk,performance
0,36,intermediate,23,110,1,0.86,0.98,0.0046,1,42.02,28,30,medium,D
1,186,advanced,16,201,0,0.51,0.58,0.0011,1,81.73,0,10,low,A
2,90,advanced,8,111,0,0.61,0.68,0.0011,1,70.78,23,15,low,B
3,195,advanced,9,240,0,0.24,0.32,0.0015,1,82.32,25,5,low,A
4,7,intermediate,18,65,0,0.44,0.52,0.0046,1,53.62,36,3,low,C
5,62,beginner,13,188,0,0.49,1.0,0.0418,0,,41,19,low,B
6,137,advanced,6,240,0,0.74,0.8,0.0011,0,,0,24,medium,B
7,180,advanced,8,45,0,0.48,0.54,0.0014,1,89.49,26,22,low,A
8,164,intermediate,10,122,0,0.87,1.0,0.0083,1,55.88,15,24,low,C
9,5,beginner,17,155,0,0.48,0.87,0.0317,0,,30,2,low,C
10,194,intermediate,6,26,0,0.84,0.97,0.0046,1,38.66,15,20,low,D
11,137,advanced,15,93,0,0.31,0.38,0.0011,1,81.6,1,29,low,A
12,172,beginner,7,169,0,0.66,1.0,0.017,0,,21,7,low,B
13,7,intermediate,16,31,0,0.59,0.7,0.0062,0,,14,18,low,C
14,121,beginner,20,92,0,0.85,1.0,0.0366,1,-7.59,23,0,low,D
15,23,intermediate,15,132,0,0.67,0.85,0.0093,0,,11,8,low,B
16,151,advanced,22,122,0,0.77,0.88,0.0021,1,61.82,40,25,low,C
17,123,advanced,8,47,0,0.45,0.55,0.0044,1,89.78,3,9,low,A
18,11,intermediate,16,30,0,0.74,0.8,0.003,1,40.06,2,20,low,D
19,165,advanced,6,66,0,0.48,0.55,0.0023,0,,40,10,low,A
20,108,intermediate,6,152,0,0.35,0.45,0.0035,1,50.11,4,29,low,C
21,37,advanced,11,206,0,0.55,0.61,0.0012,1,62.03,37,16,low,C
22,150,advanced,17,189,0,0.45,0.54,0.0013,0,,39,0,low,B
23,21,intermediate,21,73,0,0.85,0.97,0.0044,1,33.98,14,11,low,D
24,1,advanced,17,115,0,0.71,0.81,0.0037,1,84.89,32,12,low,A
25,40,advanced,12,172,0,0.79,0.86,0.0012,1,68.83,23,13,low,B
26,178,beginner,8,55,0,0.58,0.96,0.0242,1,25.97,28,17,low,D
27,134,beginner,11,17,0,0.48,0.62,0.0099,0,,28,25,low,D
28,4,advanced,10,99,0,0.7,0.79,0.002,1,49.89,1,3,low,D
29,151,advanced,22,111,0,0.56,0.64,0.0012,0,,6,20,low,B
30,54,intermediate,9,48,0,0.72,0.8,0.005,1,37.63,5,0,low,D
31,36,intermediate,20,86,0,0.32,0.46,0.006,0,,15,0,low,C
32,142,intermediate,14,185,0,0.75,0.89,0.0055,1,56.27,17,19,medium,C
33,177,intermediate,18,162,0,0.56,0.79,0.0199,1,52.98,42,18,low,C
34,122,intermediate,10,71,0,0.37,0.59,0.0073,1,59.72,33,11,low,C
35,34,advanced,8,155,0,0.69,0.77,0.0015,1,55.97,19,4,low,C
36,59,advanced,8,22,0,0.45,0.51,0.0012,1,54.24,12,1,low,C
37,165,advanced,9,238,0,0.57,0.63,0.0011,1,61.72,20,9,low,C
38,79,beginner,23,153,1,0.8,1.0,0.0348,1,18.67,15,28,medium,D
39,48,intermediate,8,164,0,0.38,0.63,0.015,0,,47,5,low,B
40,180,advanced,13,137,0,0.51,0.61,0.0023,1,69.77,23,5,low,B
41,37,advanced,8,173,0,0.74,0.81,0.0012,0,,12,9,low,A
42,25,advanced,13,170,0,0.28,0.35,0.0012,1,65.43,21,30,low,B
43,89,advanced,13,239,0,0.41,0.5,0.0013,1,73.79,12,21,low,B
44,170,advanced,11,31,0,0.63,0.67,0.0008,0,,13,1,low,B
45,77,advanced,18,141,0,0.73,0.81,0.0012,1,76.51,44,3,low,B
46,149,advanced,9,184,0,0.79,0.86,0.0015,0,,35,13,medium,A
47,75,beginner,13,170,0,0.83,1.0,0.0127,0,,47,18,low,B
48,6,intermediate,8,68,0,0.7,0.86,0.0043,1,42.5,33,25,low,D
49,56,advanced,21,99,0,0.64,0.7,0.001,1,58.74,41,1,low,C
50,83,advanced,23,126,1,0.57,0.66,0.0024,0,,25,27,low,B
51,2,beginner,6,168,0,0.53,0.89,0.0268,1,19.48,24,25,low,D
52,26,advanced,15,200,0,0.45,0.53,0.0017,0,,8,14,low,A
53,95,beginner,18,42,0,0.87,1.0,0.0107,0,,38,25,low,C
54,87,beginner,7,166,0,0.82,1.0,0.0249,1,-2.82,35,7,low,D
55,62,beginner,9,206,0,0.87,1.0,0.0132,1,12.1,45,27,medium,D
56,26,advanced,8,143,0,0.74,0.86,0.002,1,57.74,9,5,low,C
57,195,advanced,22,189,0,0.84,0.9,0.001,1,50.2,49,20,medium,C
58,183,intermediate,13,197,0,0.84,0.97,0.0045,1,31.87,25,14,medium,D
59,65,beginner,8,27,0,0.7,1.0,0.0429,1,5.17,9,10,low,D
60,109,intermediate,12,111,0,0.37,0.58,0.0103,1,46.64,23,29,low,D
61,163,beginner,21,190,0,0.76,1.0,0.0264,0,,2,5,medium,C
62,80,advanced,16,63,0,0.8,0.88,0.0024,1,72.75,17,26,low,B
63,76,beginner,20,207,0,0.89,1.0,0.0154,1,0.14,49,16,medium,D
64,125,advanced,13,226,0,0.6,0.68,0.0022,1,93.93,48,1,low,A
65,40,advanced,12,192,0,0.61,0.68,0.0012,1,53.33,44,29,low,C
66,188,beginner,14,107,0,0.85,1.0,0.0151,0,,26,7,low,C
67,29,beginner,18,29,0,0.57,0.78,0.0198,0,,46,5,low,B
68,44,intermediate,10,74,0,0.49,0.63,0.0065,1,48.84,48,11,low,D
69,123,advanced,15,133,0,0.49,0.57,0.0019,0,,18,30,low,B
70,152,advanced,8,204,0,0.26,0.35,0.0016,1,89.61,29,3,low,A
71,168,beginner,11,189,0,0.68,1.0,0.038,0,,4,24,low,B
72,65,beginner,6,54,0,0.59,0.86,0.0502,1,18.48,17,10,low,D
73,31,beginner,15,27,0,0.46,0.78,0.0315,0,,46,19,low,D
74,108,intermediate,13,75,0,0.79,0.92,0.0048,1,39.26,7,9,low,D
75,55,beginner,11,196,0,0.84,1.0,0.0153,1,34.3,5,28,medium,D
76,40,advanced,13,72,0,0.55,0.69,0.0051,0,,25,3,low,A
77,148,advanced,18,97,0,0.6,0.68,0.0017,1,87.09,19,23,low,A
78,125,advanced,9,51,0,0.61,0.68,0.0012,1,73.91,20,10,low,B
79,9,beginner,22,195,0,0.87,1.0,0.0097,0,,9,30,medium,C
80,93,beginner,6,128,0,0.33,0.75,0.0325,0,,49,12,low,B
81,9,beginner,20,122,0,0.93,1.0,0.0115,1,11.36,50,4,low,D
82,17,advanced,9,171,0,0.56,0.62,0.0011,0,,48,20,low,A
83,174,advanced,15,81,0,0.65,0.72,0.0013,1,66.38,37,13,low,B
84,155,beginner,23,40,1,0.57,0.76,0.0209,1,5.03,15,0,low,D
85,126,advanced,19,78,0,0.34,0.39,0.0009,1,76.38,47,8,low,B
86,8,beginner,12,128,0,0.76,1.0,0.0222,1,1.63,20,1,low,D
87,170,advanced,8,17,0,0.39,0.44,0.0021,1,77.83,38,30,low,B
88,180,advanced,21,197,0,0.54,0.62,0.0014,1,78.95,4,0,low,B
89,45,beginner,7,147,0,0.59,1.0,0.0373,0,,32,15,low,D
90,60,beginner,21,21,0,0.49,0.59,0.0109,1,2.35,44,17,low,D
91,190,advanced,9,189,0,0.29,0.37,0.0017,0,,43,2,low,A
92,138,advanced,16,226,0,0.76,0.82,0.0011,1,57.53,6,19,medium,C
93,66,beginner,17,71,0,0.78,1.0,0.0324,1,35.33,13,19,low,D
94,34,advanced,7,196,0,0.41,0.48,0.001,0,,43,22,low,C
95,199,beginner,19,142,0,0.78,0.94,0.0113,1,29.08,15,30,low,D
96,157,beginner,7,60,0,0.65,0.85,0.0148,1,27.15,36,18,low,D
97,112,intermediate,15,95,0,0.42,0.64,0.0121,0,,25,4,low,C
98,65,beginner,14,56,0,0.9,1.0,0.0106,1,7.32,30,12,low,D
99,67,advanced,11,197,0,0.44,0.55,0.0016,0,,22,14,low,A
100,25,advanced,9,152,0,0.76,0.83,0.0013,1,63.01,21,18,low,C
101,70,advanced,9,45,0,0.76,0.83,0.0012,1,48.96,32,2,low,D
102,185,intermediate,22,55,0,0.8,0.9,0.0069,1,28.05,12,0,low,D
103,51,beginner,23,148,1,0.54,0.92,0.0373,1,16.9,36,11,low,D
104,48,intermediate,22,218,0,0.84,1.0,0.0071,1,31.45,27,17,medium,D
105,195,advanced,12,223,0,0.38,0.44,0.001,1,57.99,24,4,low,C
106,174,advanced,18,60,0,0.47,0.52,0.0015,1,92.92,19,14,low,A
107,169,beginner,21,155,0,0.44,0.77,0.0248,0,,41,7,low,C
108,191,beginner,7,170,0,0.54,0.79,0.0225,1,15.94,7,1,low,D
109,74,advanced,19,172,0,0.56,0.62,0.0011,0,,2,11,low,A
110,174,advanced,16,31,0,0.31,0.4,0.0046,1,72.15,44,8,low,B
111,10,intermediate,12,112,0,0.54,0.73,0.0108,1,36.95,33,26,low,D
112,99,advanced,23,161,1,0.72,0.77,0.0011,0,,12,23,medium,A
113,8,beginner,14,28,0,0.63,0.93,0.0346,0,,3,1,low,D
114,164,intermediate,20,122,0,0.7,0.82,0.0054,1,41.28,45,14,low,D
115,122,intermediate,23,70,1,0.71,0.91,0.0107,1,31.95,35,8,medium,D
116,80,advanced,17,120,0,0.44,0.49,0.0009,1,79.15,15,10,low,B
117,51,beginner,14,151,0,0.59,0.82,0.0151,1,29.54,44,12,low,D
118,13,beginner,15,155,0,0.36,0.57,0.0113,1,29.34,17,9,low,D
119,97,intermediate,17,108,0,0.59,0.77,0.0141,0,,29,5,low,D
120,21,intermediate,22,105,0,0.62,0.8,0.0075,1,29.1,6,15,low,D
121,124,intermediate,9,230,0,0.7,0.91,0.0062,1,20.05,47,0,low,D
122,95,beginner,10,127,0,0.6,0.77,0.0115,1,30.45,31,27,low,D
123,109,intermediate,10,103,0,0.65,0.8,0.0076,1,31.11,43,20,low,D
124,182,advanced,8,38,0,0.68,0.74,0.0016,1,62.46,16,15,low,C
125,129,advanced,14,109,0,0.57,0.62,0.0009,1,70.02,16,13,low,B
126,94,advanced,7,125,0,0.78,0.84,0.0016,1,88.83,37,25,low,A
127,108,intermediate,19,225,0,0.33,0.48,0.0038,1,56.62,21,22,low,C
128,28,advanced,15,106,0,0.42,0.48,0.0013,1,61.11,19,14,low,C
129,127,beginner,10,191,0,0.44,0.82,0.0432,1,23.78,46,28,low,D
130,76,beginner,14,122,0,0.72,1.0,0.0151,1,0.74,21,8,low,D
131,138,advanced,11,50,0,0.72,0.76,0.0009,1,62.85,7,27,low,C
132,101,beginner,11,85,0,0.9,1.0,0.0116,1,-2.98,38,4,low,D
133,84,beginner,11,62,0,0.76,0.99,0.0195,1,-3.26,28,21,low,D
134,80,advanced,23,207,1,0.54,0.64,0.0019,0,,10,16,medium,A
135,177,intermediate,18,148,0,0.8,0.94,0.0043,1,24.95,29,30,low,D
136,51,beginner,20,209,0,0.82,1.0,0.0286,1,18.76,2,3,medium,D
137,136,intermediate,12,157,0,0.42,0.63,0.011,0,,6,11,low,B
138,112,intermediate,7,189,0,0.86,1.0,0.0093,1,46.97,22,29,medium,D
139,40,advanced,13,33,0,0.41,0.47,0.0018,0,,11,17,low,A
140,139,advanced,18,170,0,0.34,0.39,0.0012,0,,23,25,low,A
141,111,intermediate,12,126,0,0.7,0.91,0.0148,1,43.69,29,8,low,D
142,168,beginner,6,129,0,0.68,0.91,0.0123,1,-1.59,37,7,low,D
143,84,beginner,20,212,0,0.79,1.0,0.0116,1,-8.99,41,26,medium,D
144,119,beginner,10,132,0,0.8,0.94,0.0094,1,22.17,43,21,low,D
145,44,intermediate,8,184,0,0.42,0.6,0.0065,1,30.12,49,15,low,D
146,156,intermediate,21,203,0,0.83,0.99,0.0066,1,51.22,43,5,medium,C
147,168,beginner,6,66,0,0.41,0.64,0.0248,1,7.18,44,10,low,D
148,120,advanced,8,24,0,0.33,0.38,0.0013,1,85.19,46,23,low,A
149,83,advanced,20,95,0,0.64,0.72,0.0024,1,87.06,28,2,low,A
150,147,beginner,20,116,0,0.83,1.0,0.0113,1,14.23,32,27,low,D
151,49,advanced,6,42,0,0.49,0.55,0.0011,1,72.54,14,6,low,B
152,13,beginner,11,154,0,0.71,1.0,0.0315,1,-8.63,16,6,low,D
153,190,advanced,14,225,0,0.61,0.7,0.001,1,81.67,25,6,low,A
154,199,beginner,15,105,0,0.4,0.77,0.0369,1,13.82,46,15,low,D
155,47,beginner,17,40,0,0.71,0.96,0.0187,1,19.15,16,14,low,D
156,104,advanced,22,106,0,0.84,0.92,0.0027,1,70.01,12,28,low,B
157,187,beginner,19,114,0,0.62,0.95,0.0171,1,22.95,4,18,low,D
158,120,advanced,11,84,0,0.31,0.39,0.0036,1,73.76,23,10,low,B
159,20,advanced,22,26,0,0.36,0.42,0.0015,0,,33,26,low,B
160,136,intermediate,7,31,0,0.31,0.45,0.0054,1,35.52,20,5,low,D
161,37,advanced,23,140,1,0.45,0.52,0.0012,1,62.82,32,10,low,C
162,60,beginner,15,202,0,0.72,1.0,0.0428,0,,26,0,medium,D
163,27,beginner,8,192,0,0.84,1.0,0.0212,1,-4.33,43,7,medium,D
164,184,beginner,12,80,0,0.86,1.0,0.0073,0,,33,6,low,C
165,19,beginner,19,238,0,0.88,1.0,0.0186,0,,40,26,medium,B
166,168,beginner,9,100,0,0.79,1.0,0.027,1,5.63,28,1,low,D
167,179,intermediate,7,240,0,0.51,0.77,0.0121,1,62.36,12,21,low,C
168,27,beginner,12,226,0,0.52,0.89,0.0154,1,12.12,45,27,low,D
169,193,advanced,10,173,0,0.27,0.35,0.0021,1,66.59,25,23,low,B
170,151,advanced,22,81,0,0.68,0.77,0.0013,1,64.32,45,13,low,C
171,165,advanced,11,49,0,0.39,0.42,0.0008,1,67.06,1,4,low,B
172,128,beginner,10,187,0,0.82,1.0,0.0199,0,,31,2,medium,C
173,48,intermediate,21,60,0,0.4,0.47,0.0028,0,,32,14,low,C
174,82,intermediate,23,40,1,0.59,0.75,0.0081,1,34.84,35,16,low,D
175,107,advanced,8,126,0,0.42,0.51,0.003,1,82.53,28,15,low,A
176,157,beginner,8,27,0,0.62,0.78,0.0109,1,17.99,33,3,low,D
177,46,advanced,23,132,1,0.8,0.86,0.0017,1,64.23,34,5,medium,C
178,72,beginner,22,44,0,0.64,0.74,0.0029,1,-4.42,11,24,low,D
179,137,advanced,11,141,0,0.56,0.67,0.0025,1,99.58,9,9,low,A
180,37,advanced,12,41,0,0.57,0.6,0.0006,0,,15,27,low,A
181,20,advanced,15,56,0,0.56,0.65,0.002,0,,48,0,low,A
182,163,beginner,20,83,0,0.5,0.88,0.0387,0,,29,3,low,B
183,41,beginner,12,60,0,0.73,0.96,0.0112,1,-3.89,13,0,low,D
184,100,beginner,16,188,0,0.5,0.79,0.0105,1,13.53,30,15,low,D
185,104,advanced,22,120,0,0.61,0.67,0.0013,1,68.95,10,9,low,B
186,127,beginner,14,222,0,0.64,0.87,0.015,0,,38,5,low,B
187,76,beginner,17,114,0,0.42,0.6,0.0127,1,16.09,29,17,low,D
188,156,intermediate,19,126,0,0.6,0.75,0.0046,1,50.26,37,0,low,C
189,20,advanced,15,54,0,0.62,0.67,0.0009,1,65.2,26,6,low,B
190,148,advanced,13,100,0,0.72,0.82,0.0042,1,57.79,30,21,low,C
191,2,beginner,19,27,0,0.86,1.0,0.0152,1,2.49,15,13,low,D
192,178,beginner,12,219,0,0.9,1.0,0.0063,1,19.98,41,27,medium,D
193,35,intermediate,17,127,0,0.76,1.0,0.0125,1,23.32,22,23,low,D
194,114,beginner,8,202,0,0.46,0.84,0.025,1,22.42,33,13,low,D
195,171,advanced,15,156,0,0.27,0.35,0.001,0,,12,29,low,A
196,32,intermediate,13,200,0,0.35,0.53,0.0081,1,63.97,10,23,low,C
197,57,advanced,23,104,1,0.43,0.48,0.001,0,,1,7,low,A
198,55,beginner,10,228,0,0.54,0.78,0.0143,1,26.93,48,6,low,D
199,177,intermediate,21,174,0,0.36,0.54,0.0063,1,50.55,23,10,low,C
200,33,beginner,23,132,1,0.58,0.93,0.0216,0,,9,27,low,B
201,53,beginner,12,99,0,0.78,1.0,0.0312,1,1.81,48,5,low,D
202,191,beginner,16,99,0,0.48,0.68,0.0086,1,18.0,17,10,low,D
203,7,intermediate,8,185,0,0.91,1.0,0.0041,1,23.85,14,24,medium,D
204,116,advanced,20,214,0,0.84,0.89,0.0011,1,44.63,28,28,medium,D
205,137,advanced,20,110,0,0.34,0.42,0.002,1,91.26,14,0,low,A
206,87,beginner,15,191,0,0.49,0.91,0.0201,0,,0,17,low,D
207,156,intermediate,10,220,0,0.52,0.78,0.0084,1,51.5,27,0,low,C
208,2,beginner,6,197,0,0.55,0.75,0.0136,1,6.35,14,11,low,D
209,31,beginner,14,33,0,0.9,0.98,0.0037,1,-8.34,40,8,low,D
210,102,intermediate,7,140,0,0.79,0.97,0.0104,0,,18,10,low,C
211,108,intermediate,23,206,1,0.37,0.59,0.0095,1,53.5,32,21,medium,C
212,106,intermediate,13,62,0,0.7,0.78,0.003,0,,49,24,low,B
213,46,advanced,17,194,0,0.82,0.93,0.0036,1,53.41,39,2,medium,C
214,63,beginner,9,166,0,0.84,1.0,0.0212,0,,20,25,low,C
215,118,beginner,12,191,0,0.4,0.69,0.0193,0,,23,2,low,C
216,19,beginner,22,69,0,0.38,0.61,0.0154,1,30.14,43,25,low,D
217,45,beginner,9,215,0,0.47,0.79,0.0238,1,7.76,45,3,low,D
218,131,intermediate,23,180,1,0.85,0.98,0.0044,1,19.37,31,4,medium,D
219,161,intermediate,7,116,0,0.55,0.76,0.0152,0,,25,12,low,B
220,48,intermediate,13,183,0,0.8,0.96,0.0058,1,73.38,44,1,medium,B
221,170,advanced,13,35,0,0.35,0.4,0.0012,1,57.18,1,9,low,C
222,74,advanced,14,48,0,0.29,0.38,0.0016,0,,5,23,low,A
223,67,advanced,15,26,0,0.43,0.52,0.003,1,80.75,22,21,low,A
224,129,advanced,10,234,0,0.3,0.42,0.0021,1,73.76,17,19,low,B
225,40,advanced,16,238,0,0.54,0.64,0.0011,0,,25,7,low,B
226,16,intermediate,13,215,0,0.61,0.83,0.0117,0,,3,17,low,B
227,32,intermediate,9,211,0,0.86,0.99,0.0072,1,41.8,39,20,medium,D
228,91,beginner,18,208,0,0.79,1.0,0.0371,1,26.08,9,18,medium,D
229,6,intermediate,8,27,0,0.41,0.51,0.0039,1,8.88,31,20,low,D
230,59,advanced,6,147,0,0.36,0.43,0.0012,0,,2,19,low,A
231,18,intermediate,10,15,0,0.46,0.48,0.0005,1,66.33,44,2,low,B
232,100,beginner,10,157,0,0.35,0.77,0.0383,1,52.83,42,1,low,C
233,180,advanced,12,186,0,0.4,0.47,0.001,0,,15,28,low,A
234,25,advanced,9,177,0,0.83,0.89,0.0013,1,62.59,25,0,low,C
235,133,advanced,17,114,0,0.51,0.61,0.0025,1,56.52,48,24,low,C
236,13,beginner,13,113,0,0.52,0.92,0.0343,1,15.42,47,3,low,D
237,141,advanced,18,46,0,0.49,0.57,0.0026,1,64.91,3,7,low,C
238,184,beginner,17,107,0,0.31,0.61,0.0241,1,31.39,22,25,low,D
239,180,advanced,18,215,0,0.71,0.77,0.001,1,62.81,48,9,medium,C
240,80,advanced,17,153,0,0.43,0.48,0.001,0,,20,25,low,B
241,178,beginner,12,96,0,0.56,0.92,0.0322,0,,47,0,low,B
242,47,beginner,19,17,0,0.76,0.84,0.0032,1,36.41,28,25,low,D
243,139,advanced,14,60,0,0.56,0.63,0.0026,1,49.95,50,27,low,D
244,190,advanced,7,55,0,0.79,0.84,0.0006,1,82.67,23,12,low,A
245,100,beginner,6,85,0,0.74,0.97,0.0166,1,9.82,20,30,low,D
246,189,advanced,7,42,0,0.78,0.87,0.0026,1,65.35,48,24,low,B
247,125,advanced,20,81,0,0.27,0.37,0.0024,1,68.43,40,29,low,B
248,104,advanced,10,93,0,0.45,0.53,0.0013,0,,16,30,low,B
249,12,advanced,16,145,0,0.74,0.84,0.0018,1,87.18,37,2,low,A
250,193,advanced,9,32,0,0.75,0.81,0.0019,0,,26,14,low,A
251,5,beginner,13,216,0,0.74,1.0,0.0194,1,48.88,2,11,medium,D
252,49,advanced,19,161,0,0.51,0.57,0.0012,0,,45,10,low,A
253,127,beginner,21,205,0,0.78,1.0,0.0229,1,8.05,36,14,medium,D
254,156,intermediate,9,182,0,0.31,0.45,0.005,1,50.22,24,17,low,C
255,61,advanced,21,29,0,0.39,0.44,0.001,1,75.33,15,26,low,B
256,148,advanced,17,16,0,0.52,0.59,0.0047,1,75.23,10,5,low,B
257,59,advanced,15,99,0,0.62,0.69,0.0011,0,,12,9,low,A
258,174,advanced,19,124,0,0.76,0.86,0.0019,1,66.57,45,30,low,B
259,150,advanced,7,18,0,0.46,0.51,0.0018,0,,48,30,low,A
260,81,intermediate,14,114,0,0.81,0.96,0.0072,0,,34,17,low,B
261,110,advanced,9,186,0,0.74,0.8,0.0012,1,74.63,7,23,medium,B
262,134,beginner,17,166,0,0.41,0.79,0.0248,0,,49,6,low,D
263,14,intermediate,19,94,0,0.6,0.75,0.0071,1,23.08,28,30,low,D
264,104,advanced,13,172,0,0.53,0.62,0.0016,0,,30,22,low,B
265,198,beginner,6,37,0,0.4,0.55,0.0125,1,25.09,13,6,low,D
266,106,intermediate,7,101,0,0.8,0.93,0.0072,1,56.75,17,9,low,C
267,74,advanced,19,33,0,0.67,0.73,0.0012,1,85.92,28,29,low,A
268,104,advanced,23,115,1,0.33,0.39,0.0015,0,,1,21,low,A
269,106,intermediate,14,113,0,0.67,0.84,0.0077,1,48.61,11,6,low,D
270,169,beginner,21,21,0,0.63,0.92,0.0426,1,32.31,7,12,low,D
271,165,advanced,18,204,0,0.56,0.65,0.0011,1,85.24,42,4,low,A
272,194,intermediate,21,203,0,0.3,0.49,0.009,1,61.17,42,12,low,C
273,98,beginner,18,220,0,0.74,1.0,0.0367,0,,13,8,medium,C
274,66,beginner,14,163,0,0.45,0.78,0.0257,0,,25,17,low,B
275,196,advanced,14,201,0,0.38,0.45,0.0021,1,86.98,16,1,low,A
276,190,advanced,21,155,0,0.7,0.76,0.001,1,65.51,13,2,low,B
277,80,advanced,8,234,0,0.49,0.57,0.0017,1,68.68,26,17,low,B
278,50,intermediate,14,205,0,0.83,1.0,0.0114,0,,44,15,medium,B
279,127,beginner,6,187,0,0.57,0.88,0.0257,1,6.64,26,30,low,D
280,138,advanced,20,78,0,0.74,0.83,0.0013,0,,33,11,low,A
281,147,beginner,21,143,0,0.75,0.98,0.0143,0,,15,0,low,D
282,61,advanced,8,93,0,0.73,0.85,0.0028,0,,8,2,low,A
283,63,beginner,17,129,0,0.67,1.0,0.0398,0,,5,21,low,C
284,110,advanced,21,98,0,0.29,0.37,0.0014,1,91.25,14,14,low,A
285,58,beginner,7,78,0,0.72,1.0,0.0177,1,1.41,2,24,low,D
286,57,advanced,13,87,0,0.85,0.95,0.0029,1,71.42,12,24,low,B
287,199,beginner,7,93,0,0.69,0.9,0.0108,1,25.96,7,16,low,D
288,68,beginner,16,181,0,0.54,0.96,0.0404,1,10.65,27,26,low,D
289,173,advanced,20,212,0,0.71,0.82,0.002,1,68.46,24,8,medium,B
290,66,beginner,19,174,0,0.51,0.94,0.0673,0,,37,1,low,C
291,114,beginner,8,147,0,0.66,1.0,0.0243,1,35.06,15,26,low,D
292,144,beginner,12,27,0,0.64,0.82,0.0185,0,,49,5,low,B
293,82,intermediate,20,236,0,0.36,0.55,0.0057,1,37.05,43,5,low,D
294,110,advanced,18,26,0,0.81,0.87,0.0028,0,,7,2,low,B
295,144,beginner,6,135,0,0.56,0.81,0.0166,1,13.33,0,16,low,D
296,194,intermediate,8,126,0,0.58,0.71,0.0065,0,,25,16,low,B
297,10,intermediate,8,239,0,0.38,0.54,0.0063,0,,18,23,low,B
298,69,advanced,21,138,0,0.28,0.34,0.0012,1,82.81,46,8,low,A
299,66,beginner,21,37,0,0.78,1.0,0.0167,1,25.38,30,18,low,D
300,113,advanced,18,114,0,0.49,0.58,0.0026,1,79.36,26,23,low,B
301,142,intermediate,7,153,0,0.8,0.97,0.0057,1,63.48,0,13,low,C
302,78,intermediate,23,114,1,0.62,0.76,0.0068,1,42.61,41,5,low,D
303,53,beginner,22,56,0,0.53,0.8,0.0211,1,20.43,9,8,low,D
304,188,beginner,12,80,0,0.72,0.99,0.0157,1,14.77,31,2,low,D
305,29,beginner,8,36,0,0.91,1.0,0.0055,1,-8.45,28,28,low,D
306,196,advanced,18,232,0,0.29,0.35,0.001,1,90.28,45,10,low,A
307,28,advanced,18,24,0,0.67,0.72,0.0017,1,55.79,3,11,low,C
308,23,intermediate,13,131,0,0.84,1.0,0.0077,1,20.68,24,2,low,D
309,62,beginner,17,221,0,0.52,0.75,0.0123,1,12.15,41,14,low,D
310,24,intermediate,16,222,0,0.38,0.56,0.0086,1,13.48,35,10,low,D
311,151,advanced,11,165,0,0.59,0.65,0.0014,1,72.01,26,29,low,B
312,24,intermediate,19,88,0,0.64,0.78,0.0053,1,37.03,29,28,low,D
313,83,advanced,23,70,1,0.59,0.65,0.0012,1,77.22,36,5,low,B
314,86,beginner,9,70,0,0.83,1.0,0.0202,1,15.95,18,2,low,D
315,144,beginner,15,85,0,0.47,0.75,0.0295,0,,34,30,low,C
316,123,advanced,14,47,0,0.57,0.65,0.0017,0,,31,27,low,C
317,71,advanced,14,128,0,0.42,0.47,0.001,1,103.94,44,11,low,A
318,13,beginner,8,197,0,0.9,1.0,0.009,0,,39,4,medium,C
319,104,advanced,15,234,0,0.68,0.74,0.0013,0,,46,15,low,A
320,141,advanced,19,193,0,0.56,0.62,0.0014,1,43.15,42,18,low,D
321,122,intermediate,18,157,0,0.64,0.82,0.0057,1,61.3,49,6,low,C
322,173,advanced,22,89,0,0.31,0.42,0.0023,1,54.29,3,1,low,C
323,183,intermediate,18,35,0,0.42,0.51,0.0039,1,32.02,36,1,low,D
324,109,intermediate,19,139,0,0.74,0.95,0.0091,1,20.34,13,7,low,D
325,138,advanced,23,107,1,0.4,0.45,0.001,1,69.32,31,6,low,B
326,6,intermediate,20,224,0,0.78,0.94,0.0058,0,,9,6,medium,A
327,196,advanced,18,179,0,0.79,0.89,0.0021,0,,42,6,low,A
328,106,intermediate,14,103,0,0.64,0.75,0.0048,0,,33,8,low,A
329,113,advanced,14,54,0,0.68,0.74,0.0018,1,81.95,9,21,low,A
330,180,advanced,15,111,0,0.83,0.91,0.0023,1,73.61,15,6,low,B
331,107,advanced,13,104,0,0.76,0.83,0.0019,1,58.47,42,10,low,C
332,2,beginner,18,211,0,0.52,0.77,0.0162,1,21.86,21,21,low,D
333,25,advanced,18,201,0,0.72,0.83,0.002,1,79.57,21,6,medium,B
334,13,beginner,12,20,0,0.63,0.69,0.0036,1,3.59,4,22,low,D
335,134,beginner,14,228,0,0.76,1.0,0.0338,1,-0.25,28,11,medium,D
336,74,advanced,13,170,0,0.64,0.77,0.0026,0,,25,10,low,A
337,25,advanced,14,17,0,0.36,0.42,0.0016,1,80.53,10,20,low,A
338,73,beginner,11,218,0,0.38,0.6,0.0114,0,,35,9,low,C
339,196,advanced,16,167,0,0.38,0.5,0.0024,0,,43,0,low,A
340,51,beginner,10,184,0,0.58,0.92,0.0305,1,20.61,29,6,low,D
341,154,beginner,18,190,0,0.64,1.0,0.0357,1,22.7,17,26,low,D
342,86,beginner,19,183,0,0.74,1.0,0.0156,1,0.78,37,13,medium,D
343,94,advanced,10,193,0,0.37,0.43,0.0015,1,80.24,20,10,low,A
344,125,advanced,21,29,0,0.81,0.85,0.0011,1,54.12,21,20,low,C
345,61,advanced,21,238,0,0.38,0.46,0.002,1,73.49,45,2,low,B
346,104,advanced,21,200,0,0.57,0.67,0.0021,1,64.87,29,16,low,C
347,55,beginner,14,16,0,0.54,0.66,0.0223,1,12.35,48,24,low,D
348,160,advanced,10,86,0,0.29,0.37,0.0015,0,,29,15,low,B
349,187,beginner,23,200,1,0.86,1.0,0.0297,1,7.66,44,3,high,D
350,40,advanced,6,237,0,0.58,0.67,0.002,0,,26,3,low,B
351,124,intermediate,10,217,0,0.6,0.86,0.0145,1,34.88,24,30,low,D
352,165,advanced,21,152,0,0.72,0.8,0.0013,1,76.18,43,11,low,B
353,60,beginner,18,130,0,0.77,0.94,0.0123,0,,37,0,low,C
354,187,beginner,12,52,0,0.72,0.91,0.0074,1,12.43,10,14,low,D
355,70,advanced,19,131,0,0.57,0.69,0.0042,0,,46,13,low,B
356,96,intermediate,14,224,0,0.42,0.61,0.0109,0,,31,7,low,C
357,61,advanced,8,112,0,0.36,0.44,0.0026,1,64.41,4,2,low,C
358,159,intermediate,14,192,0,0.71,0.83,0.0051,0,,30,11,medium,A
359,123,advanced,6,168,0,0.57,0.68,0.0025,1,83.67,48,17,low,A
360,124,intermediate,13,232,0,0.66,0.89,0.0138,1,25.3,47,9,low,D
361,107,advanced,18,57,0,0.68,0.75,0.0014,1,93.84,1,26,low,A
362,43,intermediate,22,117,0,0.74,0.88,0.0056,1,34.25,45,24,low,D
363,114,beginner,18,189,0,0.84,1.0,0.0186,1,-6.6,7,15,medium,D
364,51,beginner,22,79,0,0.5,0.84,0.0313,1,27.8,25,27,low,D
365,115,intermediate,15,39,0,0.37,0.5,0.0118,1,49.75,41,26,low,D
366,162,intermediate,8,60,0,0.58,0.75,0.0098,1,38.68,42,5,low,D
367,165,advanced,18,84,0,0.47,0.54,0.0013,0,,1,9,low,A
368,90,advanced,19,70,0,0.35,0.39,0.001,1,86.24,29,25,low,A
369,50,intermediate,20,212,0,0.68,0.84,0.007,1,51.42,0,19,low,C
370,117,beginner,20,89,0,0.51,0.69,0.0091,1,19.13,33,5,low,D
371,183,intermediate,6,39,0,0.51,0.61,0.0053,1,26.14,5,30,low,D
372,193,advanced,11,17,0,0.43,0.49,0.0022,1,54.94,7,7,low,C
373,95,beginner,12,201,0,0.75,1.0,0.0133,1,1.28,35,2,medium,D
374,163,beginner,14,29,0,0.58,0.79,0.0133,1,4.17,24,23,low,D
375,122,intermediate,20,49,0,0.73,0.82,0.0033,0,,47,5,low,C
376,87,beginner,18,195,0,0.8,1.0,0.0242,1,16.31,5,16,medium,D
377,15,intermediate,6,218,0,0.72,1.0,0.0127,1,18.91,15,12,medium,D
378,47,beginner,19,108,0,0.57,0.79,0.0149,1,25.61,35,8,low,D
379,97,intermediate,15,204,0,0.73,1.0,0.0133,0,,16,8,medium,C
380,129,advanced,11,233,0,0.78,0.89,0.0019,1,72.54,50,16,medium,B
381,25,advanced,8,118,0,0.8,0.91,0.0024,1,59.15,5,3,low,C
382,48,intermediate,19,120,0,0.5,0.66,0.0068,1,57.78,23,18,low,C
383,8,beginner,9,41,0,0.49,0.82,0.0443,0,,20,2,low,C
384,124,intermediate,8,239,0,0.38,0.61,0.0072,1,35.24,29,17,low,D
385,121,beginner,8,95,0,0.75,1.0,0.0285,1,6.7,13,20,low,D
386,159,intermediate,20,76,0,0.36,0.56,0.0094,1,39.25,29,0,low,D
387,129,advanced,7,166,0,0.34,0.42,0.0019,1,73.67,19,27,low,B
388,86,beginner,17,199,0,0.34,0.8,0.0302,1,32.52,28,22,low,D
389,176,beginner,14,235,0,0.44,0.61,0.01,0,,30,28,low,C
390,102,intermediate,19,31,0,0.51,0.67,0.0112,1,53.36,47,24,low,C
391,74,advanced,10,215,0,0.83,0.96,0.0034,0,,47,10,medium,A
392,17,advanced,13,88,0,0.34,0.39,0.0014,1,80.83,39,0,low,A
393,109,intermediate,8,194,0,0.53,0.71,0.0105,0,,45,10,low,B
394,78,intermediate,10,58,0,0.42,0.52,0.0052,1,39.07,23,9,low,D
395,144,beginner,9,203,0,0.63,0.86,0.0116,1,9.61,50,9,low,D
396,81,intermediate,19,16,0,0.74,0.83,0.0079,1,3.13,50,12,low,D
397,132,intermediate,6,150,0,0.68,0.8,0.0063,1,47.25,47,1,low,D
398,26,advanced,14,227,0,0.3,0.37,0.0014,0,,49,10,low,B
399,62,beginner,11,198,0,0.7,1.0,0.0195,0,,38,24,low,C
400,131,intermediate,12,90,0,0.37,0.49,0.0045,0,,33,10,low,B
401,99,advanced,15,53,0,0.74,0.78,0.0009,1,65.39,3,1,low,B
402,189,advanced,11,119,0,0.69,0.8,0.0023,1,88.84,12,19,low,A
403,180,advanced,13,54,0,0.49,0.55,0.0012,1,68.73,2,26,low,B
404,90,advanced,8,95,0,0.34,0.41,0.0014,0,,22,7,low,A
405,65,beginner,10,195,0,0.54,0.83,0.0227,1,16.85,20,19,low,D
406,103,advanced,7,208,0,0.67,0.79,0.003,1,63.64,33,29,low,C
407,180,advanced,11,24,0,0.58,0.65,0.0021,1,87.19,27,6,low,A
408,153,intermediate,22,238,0,0.88,1.0,0.0042,1,43.9,29,25,medium,D
409,49,advanced,15,91,0,0.64,0.71,0.0015,1,84.72,41,23,low,A
410,79,beginner,15,134,0,0.87,1.0,0.0157,1,-1.43,44,14,low,D
411,64,advanced,13,127,0,0.28,0.37,0.0014,0,,34,10,low,C
412,34,advanced,17,103,0,0.28,0.38,0.0014,0,,0,2,low,A
413,24,intermediate,16,143,0,0.64,0.78,0.0056,0,,38,24,low,A
414,100,beginner,8,102,0,0.46,0.66,0.0077,1,27.8,33,11,low,D
415,149,advanced,6,232,0,0.66,0.78,0.0028,0,,0,15,low,A
416,154,beginner,17,171,0,0.54,0.81,0.0151,1,10.78,13,3,low,D
417,85,beginner,13,63,0,0.32,0.44,0.0088,0,,13,6,low,D
418,182,advanced,18,136,0,0.28,0.37,0.0023,1,70.94,23,10,low,B
419,39,advanced,17,103,0,0.31,0.41,0.002,0,,16,8,low,B
420,180,advanced,11,192,0,0.31,0.44,0.0022,0,,16,29,low,A
421,27,beginner,6,33,0,0.6,0.89,0.0376,0,,15,28,low,B
422,170,advanced,10,193,0,0.52,0.59,0.0011,0,,48,28,low,A
423,150,advanced,9,40,0,0.37,0.52,0.0043,1,81.56,8,8,low,A
424,52,advanced,14,174,0,0.81,0.87,0.001,1,38.99,2,24,low,D
425,55,beginner,13,230,0,0.34,0.73,0.0348,1,28.85,23,9,low,D
426,162,intermediate,17,25,0,0.76,0.93,0.0104,0,,10,15,low,B
427,197,beginner,15,76,0,0.86,1.0,0.0258,1,13.16,26,17,low,D
428,152,advanced,17,53,0,0.6,0.64,0.0008,1,75.36,35,24,low,B
429,120,advanced,18,204,0,0.34,0.42,0.0014,1,96.75,23,4,low,A
430,191,beginner,14,162,0,0.46,0.71,0.0236,1,20.02,27,20,low,D
431,53,beginner,22,238,0,0.67,1.0,0.038,1,27.92,48,23,low,D
432,168,beginner,22,183,0,0.66,1.0,0.0254,1,2.09,21,24,low,D
433,148,advanced,21,216,0,0.74,0.86,0.0028,1,85.36,37,10,medium,A
434,50,intermediate,9,149,0,0.64,0.84,0.0088,1,57.39,4,5,low,C
435,126,advanced,6,80,0,0.64,0.7,0.0014,0,,41,11,low,A
436,114,beginner,18,97,0,0.89,1.0,0.0123,1,28.92,45,7,low,D
437,181,advanced,12,229,0,0.79,0.93,0.0036,1,62.29,18,30,medium,C
438,129,advanced,19,137,0,0.57,0.63,0.0012,0,,12,18,low,B
439,36,intermediate,21,196,0,0.54,0.76,0.0112,1,61.44,48,23,low,C
440,55,beginner,21,211,0,0.52,0.85,0.0156,1,2.58,26,24,low,D
441,194,intermediate,6,143,0,0.4,0.5,0.004,1,45.45,18,5,low,D
442,99,advanced,20,220,0,0.79,0.85,0.0011,1,74.43,14,14,medium,B
443,55,beginner,13,49,0,0.81,1.0,0.012,0,,43,14,low,C
444,31,beginner,7,64,0,0.83,1.0,0.0222,1,7.19,36,2,low,D
445,73,beginner,19,27,0,0.63,0.96,0.0291,1,26.26,21,19,low,D
446,45,beginner,23,104,1,0.5,0.66,0.0163,1,11.77,6,27,low,D
447,62,beginner,17,134,0,0.76,1.0,0.0306,0,,46,12,low,B
448,133,advanced,8,49,0,0.6,0.64,0.0011,1,80.74,28,23,low,A
449,140,intermediate,16,100,0,0.88,1.0,0.0086,1,23.41,0,10,low,D
450,129,advanced,9,19,0,0.82,0.88,0.0014,1,86.23,49,22,low,A
451,191,beginner,13,171,0,0.42,0.71,0.0224,0,,28,26,low,C
452,40,advanced,14,234,0,0.76,0.85,0.0032,0,,50,30,medium,A
453,88,intermediate,9,197,0,0.77,0.96,0.0084,1,38.97,21,25,medium,D
454,39,advanced,19,62,0,0.32,0.37,0.0013,1,88.33,45,26,low,A
455,182,advanced,7,49,0,0.79,0.83,0.0005,1,34.01,23,13,low,D
456,21,intermediate,10,138,0,0.64,0.85,0.0091,1,39.51,37,26,low,D
457,86,beginner,16,133,0,0.83,1.0,0.0347,0,,29,3,low,D
458,155,beginner,9,187,0,0.55,1.0,0.0431,0,,29,25,low,C
459,193,advanced,10,184,0,0.66,0.73,0.0014,0,,23,27,low,A
460,128,beginner,9,86,0,0.81,1.0,0.0173,1,11.84,45,15,low,D
461,65,beginner,17,128,0,0.64,0.88,0.0124,1,4.48,38,26,low,D
462,163,beginner,10,88,0,0.84,1.0,0.0133,1,1.5,25,17,low,D
463,8,beginner,23,94,1,0.36,0.7,0.0233,1,28.37,34,20,low,D
464,128,beginner,12,149,0,0.76,0.98,0.0219,1,19.88,27,9,low,D
465,174,advanced,16,93,0,0.79,0.88,0.002,0,,8,17,low,A
466,18,intermediate,21,28,0,0.54,0.67,0.0075,1,52.2,30,7,low,C
467,129,advanced,17,210,0,0.4,0.46,0.0007,1,85.58,0,28,low,A
468,125,advanced,17,134,0,0.85,0.93,0.0017,1,64.86,11,30,low,C
469,81,intermediate,23,114,1,0.41,0.56,0.0061,1,45.08,41,6,low,D
470,193,advanced,20,42,0,0.63,0.68,0.0014,0,,16,15,low,B
471,110,advanced,14,83,0,0.78,0.84,0.0015,0,,8,3,low,A
472,148,advanced,14,82,0,0.68,0.75,0.0012,1,62.21,18,28,low,C
473,2,beginner,8,59,0,0.82,1.0,0.029,1,2.66,35,18,low,D
474,127,beginner,23,240,1,0.8,1.0,0.0101,1,8.41,17,25,high,D
475,53,beginner,11,95,0,0.42,0.79,0.0329,0,,34,11,low,D
476,132,intermediate,22,110,0,0.41,0.56,0.0112,0,,28,16,low,B
477,114,beginner,14,230,0,0.89,1.0,0.0159,1,5.83,2,5,medium,D
478,84,beginner,13,149,0,0.64,0.89,0.0144,0,,41,27,low,C
479,199,beginner,23,137,1,0.58,1.0,0.0382,0,,23,9,low,C
480,32,intermediate,10,206,0,0.42,0.56,0.0064,0,,46,5,low,B
481,59,advanced,17,151,0,0.83,0.94,0.0028,0,,22,29,low,C
482,145,advanced,12,33,0,0.43,0.48,0.0009,0,,18,25,low,B
483,146,intermediate,18,105,0,0.42,0.62,0.0072,1,62.21,19,17,low,C
484,126,advanced,10,85,0,0.54,0.69,0.0033,0,,10,15,low,A
485,78,intermediate,17,156,0,0.59,0.85,0.0098,1,22.74,27,25,low,D
486,42,beginner,15,157,0,0.62,0.85,0.0307,0,,3,2,low,B
487,86,beginner,15,180,0,0.43,0.77,0.0415,0,,26,16,low,C
488,53,beginner,15,168,0,0.66,0.94,0.0127,0,,18,3,low,C
489,169,beginner,13,47,0,0.72,0.94,0.0102,0,,20,10,low,C
490,163,beginner,12,201,0,0.88,1.0,0.0229,1,7.06,1,0,medium,D
491,138,advanced,14,126,0,0.57,0.64,0.0024,0,,13,19,low,A
492,182,advanced,18,170,0,0.6,0.68,0.0017,1,51.45,26,14,low,C
493,135,beginner,6,80,0,0.86,1.0,0.0162,0,,28,1,low,C
494,80,advanced,11,161,0,0.62,0.73,0.0014,1,40.28,26,4,low,D
495,137,advanced,11,24,0,0.33,0.43,0.0049,1,107.27,11,19,low,A
496,6,intermediate,16,25,0,0.35,0.41,0.0046,1,41.54,28,23,low,D
497,186,advanced,13,141,0,0.25,0.34,0.0016,0,,8,19,low,B
498,26,advanced,9,68,0,0.78,0.89,0.0022,1,51.05,30,6,low,C
499,28,advanced,21,204,0,0.68,0.78,0.0017,0,,1,16,low,B
500,58,beginner,22,100,0,0.86,1.0,0.0086,1,14.28,18,27,low,D
501,189,advanced,9,189,0,0.5,0.59,0.0015,1,79.07,31,18,low,B
502,122,intermediate,16,17,0,0.4,0.42,0.0002,1,48.1,16,21,low,D
503,147,beginner,22,26,0,0.69,0.91,0.0156,1,30.34,13,26,low,D
504,5,beginner,10,64,0,0.43,0.77,0.0433,1,30.81,41,26,low,D
505,192,advanced,7,135,0,0.31,0.37,0.001,1,43.81,42,11,low,D
506,95,beginner,12,228,0,0.7,1.0,0.0161,0,,19,29,low,D
507,112,intermediate,13,84,0,0.92,1.0,0.0046,1,15.62,40,22,low,D
508,161,intermediate,8,81,0,0.46,0.63,0.0085,1,51.97,1,30,low,C
509,78,intermediate,7,176,0,0.6,0.82,0.012,0,,1,2,low,C
510,138,advanced,14,71,0,0.41,0.49,0.0019,1,96.55,37,9,low,A
511,169,beginner,9,143,0,0.73,0.95,0.0132,1,1.9,7,0,low,D
512,24,intermediate,21,84,0,0.61,0.78,0.0073,1,23.37,21,18,low,D
513,55,beginner,22,23,0,0.8,0.96,0.0129,0,,7,25,low,C
514,171,advanced,7,233,0,0.45,0.51,0.0011,1,76.23,13,8,low,B
515,75,beginner,13,93,0,0.88,1.0,0.0098,1,-0.05,15,27,low,D
516,174,advanced,18,146,0,0.56,0.66,0.0021,0,,36,4,low,B
517,112,intermediate,17,127,0,0.42,0.56,0.0071,1,45.85,32,21,low,D
518,95,beginner,8,192,0,0.58,0.84,0.0123,0,,35,6,low,C
519,23,intermediate,16,137,0,0.5,0.7,0.0103,0,,27,23,low,C
520,187,beginner,16,188,0,0.81,1.0,0.0198,0,,3,15,medium,D
521,61,advanced,9,188,0,0.52,0.6,0.0015,0,,34,18,low,B
522,174,advanced,6,103,0,0.37,0.46,0.002,1,103.55,31,8,low,A
523,131,intermediate,12,151,0,0.36,0.57,0.0143,1,51.24,24,26,low,C
524,19,beginner,6,136,0,0.87,1.0,0.0154,1,-5.92,16,26,low,D
525,87,beginner,8,217,0,0.74,0.95,0.012,0,,25,21,medium,D
526,27,beginner,9,203,0,0.45,0.83,0.0245,1,7.96,43,22,low,D
527,165,advanced,11,147,0,0.26,0.35,0.0019,1,92.48,13,3,low,A
528,78,intermediate,19,188,0,0.62,0.93,0.0095,1,35.19,45,17,low,D
529,60,beginner,17,236,0,0.7,1.0,0.0419,1,1.78,48,21,medium,D
530,51,beginner,14,55,0,0.74,0.87,0.0089,1,11.51,5,6,low,D
531,80,advanced,11,100,0,0.75,0.81,0.0015,0,,22,13,low,B
532,40,advanced,16,23,0,0.57,0.62,0.0006,0,,7,17,low,A
533,37,advanced,23,118,1,0.27,0.33,0.001,1,55.97,45,25,low,C
534,73,beginner,8,149,0,0.35,0.62,0.0176,1,20.72,44,3,low,D
535,104,advanced,20,141,0,0.71,0.79,0.0018,0,,47,26,low,A
536,131,intermediate,18,58,0,0.65,0.73,0.0035,0,,28,30,low,D
537,181,advanced,7,96,0,0.29,0.36,0.0012,1,82.3,19,1,low,A
538,15,intermediate,12,20,0,0.69,0.76,0.005,1,26.29,11,29,low,D
539,145,advanced,17,148,0,0.8,0.92,0.0036,1,42.35,21,15,low,D
540,192,advanced,11,88,0,0.31,0.44,0.0038,1,90.07,41,27,low,A
541,24,intermediate,11,141,0,0.84,1.0,0.0053,1,41.88,24,22,low,D
542,137,advanced,7,230,0,0.27,0.39,0.0031,1,98.61,43,6,low,A
543,27,beginner,22,30,0,0.84,1.0,0.0229,1,2.46,34,22,low,D
544,25,advanced,20,196,0,0.66,0.78,0.0026,0,,18,15,low,C
545,194,intermediate,11,124,0,0.39,0.56,0.0092,1,51.96,39,12,low,C
546,52,advanced,20,160,0,0.69,0.75,0.0019,0,,23,21,low,A
547,7,intermediate,15,202,0,0.81,0.98,0.0056,0,,38,28,medium,C
548,134,beginner,6,156,0,0.93,1.0,0.0088,0,,42,22,low,D
549,75,beginner,19,74,0,0.51,0.77,0.0181,1,9.91,1,3,low,D
550,197,beginner,19,121,0,0.73,0.91,0.0204,1,8.29,44,1,low,D
551,118,beginner,11,197,0,0.62,1.0,0.023,0,,42,9,low,D
552,2,beginner,19,188,0,0.76,0.99,0.0139,1,7.33,34,0,medium,D
553,143,intermediate,12,221,0,0.53,0.73,0.0065,1,31.03,6,2,low,D
554,156,intermediate,23,226,1,0.86,0.98,0.0047,1,43.82,29,17,high,D
555,69,advanced,20,169,0,0.8,0.87,0.0012,1,44.03,34,6,low,D
556,9,beginner,15,27,0,0.49,0.68,0.0228,1,22.62,39,2,low,D
557,31,beginner,15,197,0,0.9,1.0,0.0099,1,-7.23,47,19,medium,D
558,122,intermediate,19,212,0,0.59,0.87,0.0132,1,51.58,44,19,low,C
559,182,advanced,10,223,0,0.39,0.47,0.0018,1,80.68,38,9,low,A
560,30,beginner,18,157,0,0.88,1.0,0.0091,1,13.47,1,22,low,D
561,101,beginner,13,99,0,0.82,1.0,0.0219,1,-9.53,10,5,low,D
562,149,advanced,23,79,1,0.55,0.62,0.0013,1,85.82,10,28,low,A
563,70,advanced,22,81,0,0.72,0.79,0.0017,0,,13,24,low,A
564,98,beginner,11,24,0,0.69,0.85,0.0282,0,,41,27,low,C
565,89,advanced,21,26,0,0.61,0.63,0.0007,0,,35,15,low,B
566,68,beginner,10,46,0,0.87,1.0,0.0095,1,-2.07,32,7,low,D
567,184,beginner,18,88,0,0.73,1.0,0.034,1,16.16,15,6,low,D
568,168,beginner,6,114,0,0.65,1.0,0.0354,0,,41,23,low,C
569,31,beginner,19,95,0,0.78,1.0,0.0348,1,26.55,48,29,low,D
570,191,beginner,16,68,0,0.81,1.0,0.0225,1,-4.91,42,5,low,D
571,69,advanced,14,20,0,0.42,0.48,0.0019,1,59.07,27,19,low,C
572,87,beginner,19,132,0,0.77,1.0,0.0206,1,12.76,27,7,low,D
573,23,intermediate,23,207,1,0.55,0.7,0.0086,1,22.75,46,2,medium,D
574,198,beginner,22,199,0,0.87,1.0,0.0148,1,15.54,48,15,medium,D
575,97,intermediate,13,209,0,0.88,1.0,0.0049,0,,30,6,medium,B
576,175,advanced,16,192,0,0.63,0.72,0.0017,1,84.85,36,30,low,A
577,125,advanced,20,215,0,0.58,0.65,0.0012,0,,13,21,low,C
578,9,beginner,13,146,0,0.92,1.0,0.008,1,8.96,17,0,low,D
579,182,advanced,7,154,0,0.6,0.66,0.0014,1,66.59,33,19,low,B
580,174,advanced,13,58,0,0.5,0.56,0.001,0,,17,14,low,A
581,152,advanced,18,44,0,0.45,0.49,0.0009,1,89.17,45,21,low,A
582,91,beginner,17,186,0,0.91,1.0,0.0107,1,20.64,38,23,medium,D
583,121,beginner,8,165,0,0.64,0.99,0.0248,0,,20,29,low,D
584,162,intermediate,12,57,0,0.69,0.82,0.0037,1,32.58,14,26,low,D
585,9,beginner,15,58,0,0.88,1.0,0.0072,0,,47,10,low,C
586,68,beginner,22,142,0,0.52,0.78,0.0222,1,25.97,25,18,low,D
587,106,intermediate,9,36,0,0.73,0.83,0.0058,1,34.32,49,26,low,D
588,164,intermediate,19,210,0,0.78,0.89,0.0039,1,34.91,45,3,medium,D
589,86,beginner,23,227,1,0.72,1.0,0.0339,0,,20,19,high,B
590,80,advanced,14,234,0,0.42,0.53,0.0024,1,81.65,41,30,low,A
591,104,advanced,15,236,0,0.41,0.49,0.0013,1,78.05,22,24,low,B
592,73,beginner,12,224,0,0.57,0.87,0.0275,0,,31,6,low,B
593,22,beginner,14,218,0,0.51,0.86,0.0408,1,30.99,46,5,low,D
594,103,advanced,21,33,0,0.71,0.77,0.0013,0,,38,3,low,A
595,90,advanced,22,235,0,0.36,0.43,0.0015,0,,1,9,low,B
596,101,beginner,13,207,0,0.8,1.0,0.0271,0,,42,16,medium,C
597,195,advanced,13,214,0,0.47,0.53,0.0011,0,,19,19,low,A
598,3,advanced,20,119,0,0.81,0.89,0.0014,1,36.61,38,29,low,D
599,76,beginner,7,124,0,0.57,0.84,0.0168,1,20.63,37,29,low,D
600,39,advanced,13,24,0,0.82,0.91,0.0023,0,,10,2,low,B
601,91,beginner,10,39,0,0.87,1.0,0.0125,0,,32,10,low,C
602,104,advanced,16,176,0,0.64,0.71,0.0014,1,65.39,1,21,low,B
603,125,advanced,6,190,0,0.33,0.39,0.0009,0,,14,11,low,A
604,2,beginner,13,37,0,0.66,0.82,0.0082,1,26.07,8,17,low,D
605,164,intermediate,6,62,0,0.87,0.97,0.0059,1,44.98,8,24,low,D
606,77,advanced,12,130,0,0.59,0.67,0.0013,1,77.49,28,12,low,B
607,143,intermediate,21,148,0,0.32,0.45,0.0058,1,55.02,25,29,low,C
608,62,beginner,19,36,0,0.86,1.0,0.0111,1,1.53,38,24,low,D
609,114,beginner,13,231,0,0.89,1.0,0.0121,0,,1,12,medium,C
610,49,advanced,7,92,0,0.67,0.76,0.0028,1,67.5,19,2,low,B
611,129,advanced,19,46,0,0.69,0.78,0.0028,0,,33,10,low,C
612,27,beginner,20,126,0,0.69,0.94,0.012,0,,42,17,low,C
613,166,intermediate,17,56,0,0.57,0.65,0.0034,0,,45,23,low,C
614,199,beginner,20,214,0,0.86,1.0,0.0108,1,3.52,5,21,medium,D
615,101,beginner,7,140,0,0.88,1.0,0.0307,0,,38,25,low,C
616,16,intermediate,22,124,0,0.37,0.65,0.0129,1,46.12,24,10,low,D
617,66,beginner,8,179,0,0.81,1.0,0.0105,1,14.79,49,16,low,D
618,129,advanced,20,209,0,0.65,0.7,0.0011,0,,18,4,low,A
619,16,intermediate,14,218,0,0.53,0.71,0.0064,1,41.04,24,26,low,D
620,33,beginner,6,147,0,0.88,1.0,0.0113,1,17.37,30,1,low,D
621,24,intermediate,8,108,0,0.41,0.61,0.0079,0,,35,13,low,C
622,23,intermediate,22,196,0,0.78,0.98,0.0102,1,53.11,4,12,medium,C
623,113,advanced,6,215,0,0.35,0.42,0.0014,1,93.08,29,14,low,A
624,32,intermediate,12,32,0,0.59,0.68,0.0063,1,40.39,33,29,low,D
625,111,intermediate,8,204,0,0.84,0.99,0.0054,1,39.48,1,9,medium,D
626,119,beginner,9,51,0,0.8,1.0,0.0183,0,,44,21,low,D
627,25,advanced,9,62,0,0.29,0.36,0.002,1,111.38,49,30,low,A
628,192,advanced,13,160,0,0.59,0.7,0.0028,1,73.05,9,24,low,B
629,152,advanced,23,113,1,0.32,0.41,0.0029,1,78.73,35,7,low,B
630,116,advanced,19,167,0,0.31,0.38,0.0015,1,98.98,38,9,low,A
631,31,beginner,7,110,0,0.64,0.93,0.0234,1,16.61,38,4,low,D
632,107,advanced,11,182,0,0.33,0.39,0.0012,1,84.12,23,21,low,A
633,197,beginner,18,124,0,0.46,0.84,0.0362,0,,24,1,low,C
634,157,beginner,10,153,0,0.77,1.0,0.0236,0,,27,29,low,D
635,43,intermediate,13,167,0,0.78,0.95,0.0075,1,26.29,5,18,low,D
636,183,intermediate,7,155,0,0.51,0.67,0.0062,1,30.67,43,21,low,D
637,76,beginner,6,123,0,0.46,0.73,0.0174,1,20.37,25,8,low,D
638,35,intermediate,14,132,0,0.36,0.55,0.0185,0,,50,21,low,B
639,151,advanced,7,36,0,0.7,0.76,0.0021,1,58.01,19,0,low,C
640,94,advanced,18,181,0,0.32,0.41,0.0017,0,,47,14,low,C
641,163,beginner,12,156,0,0.44,0.77,0.0235,1,20.81,4,4,low,D
642,183,intermediate,13,203,0,0.48,0.64,0.005,1,38.81,32,5,low,D
643,11,intermediate,10,27,0,0.52,0.59,0.0025,1,30.64,26,9,low,D
644,146,intermediate,6,225,0,0.42,0.61,0.0075,0,,9,20,low,D
645,22,beginner,7,191,0,0.77,1.0,0.0085,1,25.41,5,18,medium,D
646,79,beginner,15,27,0,0.85,1.0,0.021,0,,5,11,low,C
647,24,intermediate,7,227,0,0.79,0.97,0.0074,1,17.08,15,20,medium,D
648,123,advanced,20,165,0,0.74,0.82,0.0012,1,91.62,38,29,low,A
649,141,advanced,9,196,0,0.35,0.45,0.0024,1,63.91,50,21,low,C
650,33,beginner,8,223,0,0.5,0.88,0.0383,1,22.02,8,23,low,D
651,158,intermediate,16,138,0,0.75,0.88,0.0054,1,31.71,29,1,low,D
652,33,beginner,17,174,0,0.81,1.0,0.0203,1,37.49,34,1,low,D
653,113,advanced,11,74,0,0.58,0.7,0.0038,1,78.3,23,21,low,B
654,34,advanced,20,235,0,0.33,0.43,0.0018,1,83.09,18,2,low,A
655,197,beginner,9,209,0,0.41,0.83,0.0389,1,25.62,12,19,low,D
656,171,advanced,10,203,0,0.48,0.62,0.0035,1,68.82,29,4,low,B
657,195,advanced,12,29,0,0.56,0.61,0.0013,1,47.2,6,4,low,D
658,1,advanced,20,38,0,0.74,0.79,0.0029,1,84.19,33,29,low,A
659,73,beginner,22,143,0,0.35,0.54,0.013,1,24.99,39,16,low,D
660,56,advanced,20,101,0,0.42,0.5,0.0015,0,,11,10,low,B
661,129,advanced,20,132,0,0.53,0.59,0.001,0,,47,8,low,A
662,52,advanced,17,119,0,0.26,0.37,0.0023,1,53.15,19,26,low,C
663,183,intermediate,16,36,0,0.52,0.65,0.0089,1,30.8,14,16,low,D
664,54,intermediate,20,169,0,0.68,0.84,0.0061,1,51.95,18,18,low,C
665,160,advanced,10,224,0,0.63,0.72,0.0028,0,,8,29,low,C
666,29,beginner,9,135,0,0.69,0.86,0.0125,0,,10,5,low,B
667,171,advanced,13,83,0,0.37,0.46,0.0019,1,86.44,25,23,low,A
668,123,advanced,16,229,0,0.54,0.6,0.0011,1,78.71,23,27,low,B
669,199,beginner,8,200,0,0.68,0.93,0.0258,1,14.07,16,30,low,D
670,151,advanced,22,95,0,0.32,0.39,0.0017,1,85.58,47,28,low,A
671,98,beginner,20,16,0,0.82,1.0,0.0238,0,,32,7,low,D
672,63,beginner,10,230,0,0.53,0.96,0.0355,1,-3.61,17,17,low,D
673,75,beginner,10,86,0,0.62,0.97,0.0454,0,,47,5,low,C
674,66,beginner,8,80,0,0.61,0.82,0.016,1,25.15,4,3,low,D
675,127,beginner,14,119,0,0.51,0.85,0.024,1,30.46,19,8,low,D
676,180,advanced,20,104,0,0.63,0.71,0.002,1,85.23,19,9,low,A
677,8,beginner,13,128,0,0.59,0.81,0.0219,0,,31,11,low,D
678,25,advanced,7,99,0,0.45,0.5,0.001,1,80.82,3,30,low,A
679,132,intermediate,17,208,0,0.62,0.81,0.0097,1,34.52,48,30,low,D
680,46,advanced,22,85,0,0.67,0.7,0.0008,0,,23,21,low,A
681,29,beginner,9,42,0,0.9,1.0,0.0117,1,-1.3,6,14,low,D
682,192,advanced,12,75,0,0.47,0.53,0.0008,1,70.6,43,8,low,B
683,27,beginner,9,228,0,0.49,0.86,0.0392,0,,15,28,low,C
684,31,beginner,22,124,0,0.37,0.69,0.0285,0,,39,22,low,C
685,151,advanced,15,31,0,0.56,0.62,0.0009,0,,35,28,low,C
686,112,intermediate,14,224,0,0.54,0.71,0.0045,0,,33,28,low,D
687,65,beginner,15,205,0,0.44,0.94,0.0337,1,37.2,48,25,low,D
688,97,intermediate,22,135,0,0.32,0.45,0.0059,0,,46,10,low,C
689,151,advanced,16,122,0,0.82,0.95,0.004,1,68.13,29,30,low,B
690,1,advanced,21,50,0,0.59,0.69,0.0032,1,68.7,46,5,low,B
691,110,advanced,15,17,0,0.26,0.31,0.0032,1,86.73,20,5,low,A
692,38,intermediate,19,173,0,0.33,0.51,0.0066,1,46.14,33,6,low,D
693,81,intermediate,22,74,0,0.47,0.55,0.0053,0,,22,30,low,B
694,110,advanced,20,114,0,0.51,0.57,0.001,1,68.25,17,27,low,B
695,113,advanced,6,140,0,0.38,0.49,0.0023,1,85.55,5,22,low,A
696,7,intermediate,6,235,0,0.64,0.82,0.0086,0,,38,3,low,B
697,163,beginner,15,50,0,0.7,0.96,0.033,0,,22,27,low,D
698,109,intermediate,7,236,0,0.55,0.76,0.0138,1,40.12,5,7,low,D
699,140,intermediate,14,71,0,0.37,0.7,0.0116,0,,21,13,low,B
700,121,beginner,8,70,0,0.47,0.66,0.0164,1,13.55,31,11,low,D
701,146,intermediate,21,22,0,0.77,0.94,0.0163,1,49.43,20,3,low,D
702,36,intermediate,14,40,0,0.6,0.67,0.004,1,36.82,44,22,low,D
703,157,beginner,21,79,0,0.51,0.89,0.0393,1,12.43,1,11,low,D
704,173,advanced,20,185,0,0.73,0.82,0.0016,1,56.0,14,1,medium,C
705,170,advanced,20,60,0,0.56,0.62,0.0013,0,,19,6,low,B
706,154,beginner,11,84,0,0.74,1.0,0.0314,0,,16,4,low,B
707,45,beginner,6,156,0,0.56,0.9,0.0246,1,5.5,7,28,low,D
708,128,beginner,22,24,0,0.69,1.0,0.0429,1,9.48,18,17,low,D
709,199,beginner,6,199,0,0.36,0.66,0.0183,0,,47,21,low,C
710,68,beginner,7,164,0,0.58,0.75,0.0078,1,14.8,42,11,low,D
711,68,beginner,10,196,0,0.88,1.0,0.0135,1,-4.38,27,29,medium,D
712,65,beginner,15,148,0,0.39,0.58,0.0076,1,-5.66,15,21,low,D
713,131,intermediate,23,132,1,0.62,0.73,0.0041,1,51.94,41,12,low,C
714,16,intermediate,10,230,0,0.5,0.71,0.0084,1,35.6,11,6,low,D
715,16,intermediate,15,98,0,0.48,0.66,0.0126,1,23.35,38,15,low,D
716,176,beginner,22,88,0,0.82,1.0,0.019,1,28.28,18,3,low,D
717,131,intermediate,19,206,0,0.62,0.74,0.0048,1,68.04,27,12,low,B
718,7,intermediate,20,22,0,0.36,0.48,0.0059,0,,10,24,low,A
719,72,beginner,16,178,0,0.81,1.0,0.0122,1,1.02,3,27,low,D
720,39,advanced,8,93,0,0.58,0.69,0.0043,1,72.58,29,13,low,B
721,115,intermediate,19,52,0,0.33,0.44,0.0042,1,44.63,39,25,low,D
722,165,advanced,19,104,0,0.33,0.37,0.0007,1,82.55,15,12,low,A
723,69,advanced,23,115,1,0.6,0.66,0.0009,0,,29,14,low,A
724,104,advanced,8,32,0,0.75,0.78,0.0012,1,84.12,4,24,low,A
725,113,advanced,10,55,0,0.69,0.8,0.0029,1,52.51,30,12,low,C
726,12,advanced,21,150,0,0.39,0.45,0.0008,0,,17,13,low,B
727,33,beginner,12,93,0,0.85,1.0,0.0171,1,14.37,9,26,low,D
728,172,beginner,10,166,0,0.9,1.0,0.0087,1,17.79,46,10,low,D
729,63,beginner,15,223,0,0.89,1.0,0.0151,1,-9.01,46,24,medium,D
730,173,advanced,17,133,0,0.7,0.79,0.0024,1,65.04,45,6,low,B
731,24,intermediate,11,122,0,0.42,0.65,0.0178,1,21.34,22,28,low,D
732,128,beginner,23,24,1,0.85,1.0,0.0674,1,19.39,20,21,medium,D
733,7,intermediate,12,26,0,0.59,0.71,0.0055,1,56.23,14,28,low,C
734,10,intermediate,23,141,1,0.61,0.78,0.0105,1,54.37,32,27,low,C
735,30,beginner,8,111,0,0.7,1.0,0.0535,1,16.05,19,29,low,D
736,105,beginner,17,17,0,0.67,0.9,0.0191,1,24.61,40,29,low,D
737,41,beginner,21,32,0,0.86,1.0,0.0102,1,-4.04,3,0,low,D
738,164,intermediate,9,90,0,0.87,1.0,0.01,1,27.21,13,11,low,D
739,76,beginner,19,173,0,0.38,0.79,0.0264,1,21.22,26,4,low,D
740,102,intermediate,10,155,0,0.89,1.0,0.0052,1,47.14,48,28,low,D
741,173,advanced,9,139,0,0.55,0.61,0.0009,0,,1,25,low,B
742,13,beginner,14,36,0,0.87,1.0,0.0228,1,-6.86,24,26,low,D
743,16,intermediate,20,99,0,0.77,0.97,0.01,1,21.38,27,20,low,D
744,130,beginner,19,170,0,0.77,1.0,0.0297,1,21.89,26,8,low,D
745,37,advanced,20,210,0,0.71,0.83,0.0031,1,55.33,43,24,medium,C
746,66,beginner,12,132,0,0.69,1.0,0.0305,1,28.54,34,9,low,D
747,186,advanced,22,35,0,0.37,0.41,0.0007,0,,21,2,low,C
748,158,intermediate,12,50,0,0.6,0.78,0.014,1,38.7,36,12,low,D
749,189,advanced,11,140,0,0.5,0.6,0.0023,1,92.29,5,12,low,A
750,137,advanced,19,133,0,0.46,0.57,0.0029,1,74.14,33,17,low,B
751,152,advanced,7,115,0,0.26,0.32,0.0019,1,84.91,41,17,low,A
752,46,advanced,17,155,0,0.36,0.47,0.0027,1,95.22,22,8,low,A
753,63,beginner,14,64,0,0.53,0.69,0.0145,1,11.97,21,10,low,D
754,58,beginner,8,171,0,0.55,0.91,0.0396,0,,26,19,low,D
755,175,advanced,21,100,0,0.76,0.82,0.0012,1,83.16,21,18,low,A
756,97,intermediate,15,102,0,0.44,0.63,0.0072,1,49.0,9,25,low,D
757,153,intermediate,23,83,1,0.77,0.95,0.0098,0,,27,6,medium,B
758,24,intermediate,14,140,0,0.63,0.76,0.0069,1,37.08,16,13,low,D
759,142,intermediate,7,95,0,0.43,0.58,0.0099,1,45.05,50,19,low,D
760,48,intermediate,18,190,0,0.42,0.54,0.004,0,,14,26,low,D
761,23,intermediate,12,82,0,0.73,0.85,0.0055,0,,37,0,low,A
762,92,beginner,14,45,0,0.31,0.4,0.0035,1,17.65,19,26,low,D
763,21,intermediate,8,161,0,0.73,0.88,0.0039,1,13.6,23,2,low,D
764,140,intermediate,11,19,0,0.68,0.76,0.0019,1,33.92,1,21,low,D
765,111,intermediate,6,100,0,0.45,0.65,0.0118,1,40.03,47,22,low,D
766,198,beginner,13,90,0,0.64,0.94,0.024,0,,27,3,low,C
767,53,beginner,17,138,0,0.58,0.91,0.0285,1,30.13,33,8,low,D
768,80,advanced,22,71,0,0.67,0.77,0.0015,1,65.52,49,3,low,B
769,42,beginner,12,120,0,0.75,1.0,0.0218,1,22.66,17,24,low,D
770,114,beginner,6,21,0,0.59,0.93,0.0317,0,,46,22,low,D
771,188,beginner,14,195,0,0.79,1.0,0.0254,1,28.14,49,14,medium,D
772,41,beginner,6,182,0,0.38,0.68,0.0134,0,,19,3,low,D
773,80,advanced,13,69,0,0.69,0.75,0.0018,1,71.55,36,20,low,B
774,35,intermediate,15,177,0,0.46,0.62,0.0086,1,55.83,26,1,low,C
775,51,beginner,8,15,0,0.89,1.0,0.0058,1,1.53,29,23,low,D
776,183,intermediate,16,191,0,0.42,0.55,0.0045,1,38.1,50,6,low,D
777,93,beginner,21,90,0,0.35,0.61,0.0141,1,30.0,4,7,low,D
778,85,beginner,13,105,0,0.73,1.0,0.0232,0,,13,8,low,D
779,155,beginner,10,16,0,0.74,0.84,0.0083,0,,2,3,low,B
780,67,advanced,7,229,0,0.85,0.95,0.0019,1,71.43,50,29,medium,B
781,168,beginner,22,72,0,0.47,0.76,0.0309,0,,7,28,low,C
782,20,advanced,14,66,0,0.34,0.44,0.0023,1,65.26,19,11,low,B
783,118,beginner,14,49,0,0.61,1.0,0.0602,1,37.99,7,6,low,D
784,189,advanced,7,230,0,0.49,0.6,0.0014,1,85.92,27,26,low,A
785,95,beginner,20,26,0,0.37,0.51,0.0084,1,32.68,5,14,low,D
786,66,beginner,9,96,0,0.58,0.77,0.0156,0,,19,25,low,D
787,171,advanced,23,35,1,0.64,0.69,0.0013,1,81.1,13,21,low,A
788,80,advanced,21,194,0,0.66,0.72,0.0017,1,64.53,43,9,low,C
789,106,intermediate,14,198,0,0.78,1.0,0.009,0,,33,28,medium,C
790,16,intermediate,6,64,0,0.54,0.64,0.0057,1,40.93,4,25,low,D
791,146,intermediate,18,37,0,0.57,0.64,0.0022,1,42.41,43,14,low,D
792,13,beginner,18,205,0,0.58,0.83,0.0133,1,32.81,11,22,low,D
793,134,beginner,20,75,0,0.84,1.0,0.0139,1,-1.76,43,11,low,D
794,189,advanced,21,38,0,0.41,0.5,0.0023,1,83.73,43,4,low,A
795,125,advanced,9,149,0,0.45,0.5,0.0011,0,,27,29,low,A
796,185,intermediate,15,226,0,0.42,0.69,0.0141,1,62.32,14,24,low,C
797,79,beginner,21,113,0,0.48,0.71,0.0169,1,21.61,16,2,low,D
798,10,intermediate,7,55,0,0.61,0.71,0.0041,1,44.64,39,2,low,D
799,22,beginner,10,84,0,0.48,0.66,0.014,1,29.54,14,22,low,D
800,182,advanced,13,52,0,0.71,0.82,0.0032,1,40.93,36,24,low,D
801,170,advanced,7,238,0,0.53,0.65,0.0021,1,77.62,12,15,low,B
802,192,advanced,22,128,0,0.79,0.85,0.0011,0,,15,26,low,C
803,27,beginner,11,203,0,0.51,0.8,0.0183,1,14.81,43,18,low,D
804,189,advanced,6,193,0,0.38,0.48,0.0021,1,76.04,17,11,low,B
805,176,beginner,20,101,0,0.52,0.82,0.0302,1,14.04,44,12,low,D
806,111,intermediate,17,59,0,0.36,0.48,0.0061,0,,7,7,low,B
807,64,advanced,10,15,0,0.83,0.89,0.0022,1,69.85,45,14,low,B
808,160,advanced,7,17,0,0.25,0.28,0.0011,1,74.43,22,20,low,B
809,49,advanced,19,230,0,0.3,0.39,0.0022,1,89.49,32,23,low,A
810,37,advanced,6,148,0,0.38,0.5,0.0024,1,69.2,5,23,low,B
811,1,advanced,14,233,0,0.33,0.49,0.0046,1,97.27,32,11,low,A
812,7,intermediate,7,186,0,0.62,0.81,0.0081,0,,9,8,low,D
813,58,beginner,19,41,0,0.44,0.65,0.0204,1,22.03,24,24,low,D
814,51,beginner,18,53,0,0.6,0.8,0.0181,0,,49,29,low,B
815,56,advanced,14,75,0,0.27,0.34,0.001,1,64.38,33,15,low,C
816,23,intermediate,21,27,0,0.72,0.83,0.0056,1,34.01,5,21,low,D
817,1,advanced,19,233,0,0.29,0.38,0.0025,1,76.02,7,26,low,B
818,70,advanced,9,57,0,0.56,0.62,0.0015,1,62.65,49,21,low,C
819,7,intermediate,7,92,0,0.32,0.48,0.0057,0,,15,13,low,D
820,197,beginner,12,108,0,0.36,0.6,0.0189,1,11.56,46,29,low,D
821,34,advanced,20,133,0,0.49,0.59,0.0028,0,,23,17,low,B
822,179,intermediate,20,105,0,0.63,0.75,0.0048,1,60.02,4,4,low,C
823,94,advanced,22,29,0,0.71,0.77,0.0022,1,56.8,27,13,low,C
824,167,intermediate,15,108,0,0.39,0.52,0.0058,1,58.58,27,5,low,C
825,125,advanced,22,171,0,0.64,0.72,0.0011,1,79.6,16,21,low,B
826,103,advanced,11,65,0,0.72,0.8,0.0033,0,,46,5,low,B
827,87,beginner,21,92,0,0.64,1.0,0.0274,0,,41,18,low,C
828,198,beginner,11,107,0,0.7,0.92,0.01,1,27.38,25,10,low,D
829,81,intermediate,20,212,0,0.37,0.6,0.0068,1,46.14,30,3,low,D
830,52,advanced,18,179,0,0.76,0.86,0.0023,0,,8,21,low,B
831,163,beginner,15,205,0,0.58,1.0,0.0501,1,-4.39,12,27,low,D
832,180,advanced,20,222,0,0.44,0.51,0.0019,0,,35,13,low,A
833,67,advanced,7,78,0,0.57,0.66,0.0022,1,90.83,29,18,low,A
834,97,intermediate,11,234,0,0.62,0.82,0.0112,1,30.36,4,15,low,D
835,165,advanced,15,88,0,0.53,0.6,0.0018,1,80.47,29,0,low,A
836,96,intermediate,17,152,0,0.76,0.84,0.0026,0,,14,30,low,C
837,77,advanced,11,36,0,0.38,0.47,0.0029,1,57.99,33,12,low,C
838,31,beginner,12,47,0,0.82,1.0,0.0205,0,,44,29,low,D
839,175,advanced,21,209,0,0.58,0.67,0.0016,1,87.38,39,21,low,A
840,136,intermediate,8,219,0,0.88,1.0,0.0054,1,17.65,33,10,medium,D
841,128,beginner,23,177,1,0.76,1.0,0.0274,0,,39,23,medium,D
842,151,advanced,13,41,0,0.44,0.53,0.0018,1,88.76,29,19,low,A
843,133,advanced,9,130,0,0.79,0.87,0.0018,0,,2,21,low,A
844,181,advanced,13,122,0,0.47,0.62,0.0041,1,78.74,42,2,low,B
845,44,intermediate,7,155,0,0.84,1.0,0.0125,1,49.75,21,28,low,D
846,159,intermediate,12,38,0,0.47,0.63,0.0105,0,,31,8,low,A
847,190,advanced,13,139,0,0.45,0.53,0.0019,1,84.4,0,25,low,A
848,197,beginner,14,129,0,0.75,1.0,0.0212,1,2.51,26,13,low,D
849,26,advanced,15,221,0,0.39,0.47,0.0015,1,38.25,13,16,low,D
850,147,beginner,14,162,0,0.75,0.93,0.0126,1,16.14,7,20,low,D
851,18,intermediate,19,131,0,0.78,1.0,0.0145,0,,35,8,low,C
852,147,beginner,16,80,0,0.64,0.87,0.0127,0,,0,12,low,C
853,132,intermediate,7,85,0,0.56,0.66,0.0036,1,40.92,5,26,low,D
854,62,beginner,23,122,1,0.45,0.77,0.0357,1,24.76,4,18,low,D
855,9,beginner,14,126,0,0.7,1.0,0.0395,1,17.61,28,13,low,D
856,101,beginner,9,44,0,0.74,0.92,0.007,1,-1.95,37,22,low,D
857,23,intermediate,11,36,0,0.45,0.62,0.0143,1,41.41,22,27,low,D
858,76,beginner,18,25,0,0.62,0.73,0.0068,1,14.91,48,30,low,D
859,40,advanced,13,238,0,0.57,0.66,0.0016,1,66.05,34,13,low,B
860,187,beginner,12,67,0,0.65,0.94,0.0256,1,26.08,15,5,low,D
861,196,advanced,23,64,1,0.8,0.85,0.0008,1,67.31,30,20,medium,B
862,153,intermediate,23,177,1,0.83,1.0,0.0099,0,,40,13,medium,A
863,6,intermediate,8,199,0,0.62,0.76,0.0039,0,,48,29,low,B
864,102,intermediate,23,96,1,0.65,0.72,0.0028,0,,43,2,low,C
865,93,beginner,16,92,0,0.42,0.62,0.016,1,25.25,34,8,low,D
866,143,intermediate,19,127,0,0.43,0.57,0.0051,1,33.69,4,28,low,D
867,39,advanced,20,58,0,0.58,0.63,0.0012,1,70.89,39,26,low,B
868,154,beginner,9,198,0,0.47,0.91,0.0407,1,30.44,15,7,low,D
869,34,advanced,8,73,0,0.7,0.8,0.0023,0,,48,25,low,C
870,176,beginner,7,65,0,0.58,0.77,0.014,0,,44,30,low,B
871,21,intermediate,21,33,0,0.29,0.38,0.0042,1,68.1,47,8,low,B
872,123,advanced,17,106,0,0.71,0.8,0.0019,1,61.6,32,15,low,C
873,92,beginner,21,69,0,0.47,0.64,0.012,0,,11,19,low,B
874,142,intermediate,8,86,0,0.42,0.5,0.0046,0,,10,14,low,C
875,152,advanced,16,157,0,0.6,0.69,0.0018,1,85.54,42,6,low,A
876,154,beginner,6,117,0,0.55,0.9,0.0202,1,35.02,50,28,low,D
877,62,beginner,11,132,0,0.63,0.81,0.0118,1,28.32,17,3,low,D
878,141,advanced,20,118,0,0.46,0.5,0.001,1,82.82,12,0,low,A
879,177,intermediate,19,198,0,0.77,0.99,0.0091,1,29.42,0,23,medium,D
880,36,intermediate,23,69,1,0.48,0.6,0.0075,1,50.66,47,24,low,C
881,88,intermediate,16,113,0,0.48,0.67,0.0118,1,40.86,13,1,low,D
882,153,intermediate,6,238,0,0.84,1.0,0.0058,0,,28,4,medium,B
883,143,intermediate,23,72,1,0.61,0.81,0.0175,0,,42,0,low,C
884,125,advanced,19,191,0,0.66,0.78,0.0024,0,,23,22,low,A
885,32,intermediate,12,47,0,0.74,0.83,0.0076,1,51.74,36,19,low,C
886,100,beginner,19,37,0,0.54,0.68,0.008,0,,34,5,low,C
887,95,beginner,10,48,0,0.64,0.87,0.0227,1,11.82,6,26,low,D
888,149,advanced,19,181,0,0.27,0.33,0.0012,1,101.14,36,16,low,A
889,166,intermediate,6,50,0,0.88,0.97,0.0048,1,19.98,15,25,low,D
890,166,intermediate,15,160,0,0.64,0.89,0.0136,1,21.81,44,22,low,D
891,147,beginner,13,170,0,0.5,0.76,0.0148,0,,33,13,low,C
892,2,beginner,20,76,0,0.88,1.0,0.0187,0,,3,1,low,D
893,12,advanced,16,193,0,0.76,0.83,0.001,1,65.69,31,22,medium,B
894,69,advanced,14,234,0,0.72,0.84,0.0039,1,44.57,14,13,medium,D
895,106,intermediate,14,216,0,0.69,0.88,0.0103,1,47.24,39,12,low,D
896,191,beginner,18,42,0,0.74,1.0,0.0123,1,2.14,38,6,low,D
897,12,advanced,21,24,0,0.46,0.59,0.0076,0,,36,24,low,B
898,23,intermediate,14,60,0,0.79,0.88,0.0036,0,,8,13,low,D
899,65,beginner,14,146,0,0.89,1.0,0.0168,0,,48,21,low,B
900,61,advanced,14,141,0,0.6,0.72,0.0027,1,56.35,21,0,low,C
901,52,advanced,11,114,0,0.57,0.67,0.0017,1,37.32,14,14,low,D
902,62,beginner,21,144,0,0.88,1.0,0.0129,1,-4.06,12,13,low,D
903,169,beginner,8,101,0,0.61,0.85,0.0125,1,8.16,6,3,low,D
904,23,intermediate,23,139,1,0.8,0.91,0.0043,1,26.91,32,1,medium,D
905,104,advanced,13,228,0,0.65,0.75,0.0017,1,94.01,48,20,low,A
906,92,beginner,22,216,0,0.52,0.77,0.0119,1,13.14,30,6,low,D
907,143,intermediate,14,26,0,0.34,0.46,0.0065,1,58.12,19,22,low,C
908,140,intermediate,20,40,0,0.58,0.66,0.0083,1,38.18,46,10,low,D
909,98,beginner,16,41,0,0.89,1.0,0.0144,1,5.3,37,0,low,D
910,92,beginner,12,192,0,0.56,0.87,0.0229,1,4.1,6,11,low,D
911,95,beginner,9,215,0,0.57,1.0,0.0392,1,10.06,15,9,low,D
912,170,advanced,16,99,0,0.69,0.75,0.001,0,,43,14,low,C
913,169,beginner,13,17,0,0.72,0.87,0.0094,0,,15,26,low,C
914,135,beginner,21,140,0,0.76,0.99,0.0142,1,0.77,4,4,low,D
915,74,advanced,16,34,0,0.62,0.72,0.0036,1,80.35,19,19,low,A
916,19,beginner,18,138,0,0.84,1.0,0.0216,0,,21,16,low,D
917,35,intermediate,7,128,0,0.6,0.71,0.0049,0,,19,0,low,C
918,137,advanced,6,84,0,0.41,0.48,0.0023,1,76.79,17,7,low,B
919,96,intermediate,12,221,0,0.86,0.97,0.0044,1,59.1,28,27,medium,C
920,171,advanced,17,21,0,0.31,0.38,0.0021,1,80.4,37,5,low,A
921,52,advanced,10,15,0,0.54,0.56,0.0003,1,64.47,29,11,low,C
922,142,intermediate,13,86,0,0.56,0.69,0.0038,1,52.69,31,23,low,C
923,79,beginner,8,49,0,0.63,0.85,0.0215,1,31.27,0,4,low,D
924,13,beginner,23,205,1,0.56,0.89,0.0265,1,4.58,17,28,medium,D
925,139,advanced,20,51,0,0.55,0.62,0.0024,1,73.02,4,4,low,B
926,66,beginner,19,207,0,0.85,1.0,0.018,0,,17,4,medium,C
927,67,advanced,10,98,0,0.3,0.34,0.001,1,100.45,29,27,low,A
928,68,beginner,9,82,0,0.59,0.78,0.0135,1,20.4,4,7,low,D
929,168,beginner,21,173,0,0.39,0.72,0.0237,1,28.48,17,18,low,D
930,24,intermediate,21,88,0,0.56,0.67,0.0051,1,28.12,5,15,low,D
931,30,beginner,8,183,0,0.55,1.0,0.0388,1,9.29,47,19,low,D
932,134,beginner,19,105,0,0.53,0.88,0.0212,1,-0.19,21,28,low,D
933,136,intermediate,14,40,0,0.54,0.64,0.0055,0,,37,19,low,C
934,27,beginner,13,49,0,0.81,1.0,0.0316,1,6.4,12,0,low,D
935,112,intermediate,10,53,0,0.74,0.84,0.0046,1,31.57,33,5,low,D
936,140,intermediate,19,164,0,0.37,0.56,0.0102,1,50.09,25,20,low,C
937,3,advanced,12,223,0,0.72,0.81,0.002,1,62.9,37,13,medium,C
938,84,beginner,6,41,0,0.5,0.6,0.0075,1,2.66,29,25,low,D
939,50,intermediate,20,94,0,0.72,0.85,0.0042,0,,1,17,low,B
940,138,advanced,20,214,0,0.44,0.51,0.001,0,,12,0,low,A
941,106,intermediate,17,19,0,0.82,0.91,0.0043,1,38.01,6,5,low,D
942,106,intermediate,14,175,0,0.75,0.91,0.0075,1,42.81,11,26,low,D
943,77,advanced,22,181,0,0.28,0.35,0.0016,1,106.18,48,9,low,A
944,56,advanced,18,239,0,0.66,0.78,0.0021,0,,25,8,low,B
945,148,advanced,13,25,0,0.46,0.49,0.0006,1,62.18,26,1,low,C
946,28,advanced,13,38,0,0.3,0.39,0.0033,1,70.99,49,6,low,B
947,86,beginner,20,134,0,0.73,1.0,0.0216,1,21.49,23,19,low,D
948,111,intermediate,9,206,0,0.68,0.99,0.0163,1,54.68,3,23,low,C
949,183,intermediate,23,22,1,0.73,0.83,0.0058,0,,10,13,medium,A
950,25,advanced,11,205,0,0.73,0.84,0.0027,0,,12,27,medium,A
951,131,intermediate,8,32,0,0.64,0.76,0.0097,1,49.49,38,3,low,D
952,116,advanced,15,57,0,0.35,0.44,0.0024,0,,44,2,low,B
953,144,beginner,18,88,0,0.52,0.87,0.0382,1,31.73,40,4,low,D
954,9,beginner,22,195,0,0.42,0.69,0.0235,1,33.09,19,29,low,D
955,164,intermediate,19,194,0,0.45,0.62,0.0076,0,,47,12,low,C
956,38,intermediate,16,57,0,0.6,0.72,0.0062,0,,26,10,low,B
957,127,beginner,18,169,0,0.71,1.0,0.0286,0,,36,21,low,C
958,40,advanced,9,117,0,0.44,0.52,0.0017,1,63.69,36,22,low,C
959,32,intermediate,12,71,0,0.86,0.97,0.0042,1,47.8,45,1,low,D
960,71,advanced,6,203,0,0.44,0.5,0.0012,0,,8,17,low,A
961,45,beginner,12,29,0,0.75,0.89,0.0103,1,-8.09,3,9,low,D
962,145,advanced,17,48,0,0.44,0.48,0.0008,1,71.12,32,2,low,B
963,67,advanced,10,230,0,0.8,0.91,0.002,1,77.53,46,17,medium,B
964,26,advanced,7,100,0,0.72,0.81,0.0019,1,46.12,8,26,low,D
965,187,beginner,11,102,0,0.67,0.88,0.0169,1,42.36,43,8,low,D
966,2,beginner,13,163,0,0.76,1.0,0.0198,1,-3.45,44,7,low,D
967,97,intermediate,18,144,0,0.81,0.94,0.0074,1,6.91,9,8,low,D
968,37,advanced,15,227,0,0.77,0.89,0.0027,1,39.26,3,7,medium,D
969,136,intermediate,13,35,0,0.26,0.33,0.0015,1,43.53,46,17,low,D
970,42,beginner,7,54,0,0.66,0.86,0.0117,1,20.14,45,25,low,D
971,23,intermediate,23,212,1,0.87,1.0,0.0053,1,27.27,40,4,high,D
972,79,beginner,14,50,0,0.4,0.77,0.0329,0,,18,10,low,C
973,95,beginner,15,67,0,0.53,0.7,0.0104,1,-1.91,8,12,low,D
974,174,advanced,22,167,0,0.53,0.62,0.0022,1,50.05,25,4,low,C
975,31,beginner,21,64,0,0.66,0.83,0.0122,0,,47,27,low,C
976,152,advanced,21,236,0,0.34,0.42,0.0015,0,,7,13,low,C
977,123,advanced,10,150,0,0.68,0.79,0.0023,1,91.95,8,12,low,A
978,18,intermediate,15,189,0,0.67,0.82,0.0043,1,61.32,29,2,low,C
979,123,advanced,7,87,0,0.32,0.38,0.0015,1,101.02,31,30,low,A
980,25,advanced,12,29,0,0.49,0.59,0.0079,1,80.47,35,23,low,A
981,4,advanced,17,123,0,0.6,0.66,0.0012,1,49.91,2,21,low,D
982,186,advanced,7,212,0,0.38,0.46,0.0017,0,,16,30,low,A
983,150,advanced,19,15,0,0.56,0.6,0.0011,0,,20,13,low,C
984,151,advanced,12,63,0,0.3,0.43,0.0028,1,90.1,45,5,low,A
985,127,beginner,22,66,0,0.64,0.91,0.0278,1,0.07,5,21,low,D
986,159,intermediate,18,82,0,0.43,0.58,0.008,1,40.47,19,13,low,D
987,34,advanced,8,201,0,0.33,0.45,0.0027,0,,44,21,low,C
988,51,beginner,7,70,0,0.56,0.75,0.0148,1,7.89,36,8,low,D
989,20,advanced,21,47,0,0.61,0.67,0.0015,1,67.71,12,24,low,B
990,87,beginner,9,210,0,0.64,0.88,0.0166,1,7.26,44,6,low,D
991,116,advanced,9,44,0,0.27,0.35,0.0024,0,,2,7,low,C
992,124,intermediate,6,113,0,0.47,0.61,0.0051,0,,48,10,low,B
993,98,beginner,8,27,0,0.68,0.78,0.0084,1,2.54,3,25,low,D
994,48,intermediate,9,151,0,0.57,0.77,0.0081,1,43.43,45,18,low,D
995,177,intermediate,16,20,0,0.81,0.94,0.0088,1,36.87,5,13,low,D
996,174,advanced,16,230,0,0.48,0.58,0.0023,1,75.38,8,4,low,B
997,166,intermediate,7,94,0,0.78,0.87,0.0034,1,12.5,16,5,low,D
998,171,advanced,10,161,0,0.36,0.41,0.0009,0,,10,6,low,A
999,95,beginner,23,107,1,0.72,0.91,0.0122,1,5.7,16,5,medium,D
1000,44,intermediate,9,170,0,0.86,1.0,0.0057,1,30.86,23,13,low,D
1001,159,intermediate,10,63,0,0.66,0.76,0.005,1,55.6,29,22,low,C
1002,25,advanced,23,76,1,0.74,0.78,0.0009,0,,29,2,medium,A
1003,195,advanced,11,112,0,0.31,0.37,0.0013,1,75.19,12,19,low,B
1004,104,advanced,17,187,0,0.54,0.67,0.0032,1,92.94,7,4,low,A
1005,168,beginner,10,158,0,0.66,1.0,0.0327,0,,15,4,low,B
1006,95,beginner,12,218,0,0.72,1.0,0.0258,1,14.5,20,22,medium,D
1007,107,advanced,15,164,0,0.82,0.91,0.0013,1,76.71,43,14,low,B
1008,176,beginner,17,38,0,0.83,0.96,0.0074,1,-0.76,40,23,low,D
1009,73,beginner,7,29,0,0.39,0.55,0.0222,1,27.61,32,9,low,D
1010,19,beginner,14,67,0,0.85,1.0,0.0121,0,,29,10,low,D
1011,133,advanced,22,150,0,0.27,0.36,0.0013,0,,45,24,low,A
1012,16,intermediate,16,125,0,0.87,1.0,0.0062,0,,8,13,low,C
1013,194,intermediate,18,229,0,0.48,0.62,0.0091,0,,16,29,low,C
1014,116,advanced,15,197,0,0.67,0.75,0.0019,0,,33,29,low,B
1015,129,advanced,12,15,0,0.68,0.72,0.0009,1,66.05,22,27,low,B
1016,7,intermediate,22,191,0,0.43,0.62,0.0097,0,,38,18,low,D
1017,80,advanced,22,205,0,0.3,0.35,0.0008,1,80.41,28,27,low,A
1018,169,beginner,18,165,0,0.35,0.63,0.0124,1,22.04,35,17,low,D
1019,7,intermediate,10,71,0,0.61,0.77,0.0078,1,44.81,47,9,low,D
1020,198,beginner,18,208,0,0.48,0.92,0.0484,1,37.86,2,29,low,D
1021,106,intermediate,16,183,0,0.59,0.9,0.0138,1,67.32,14,0,low,B
1022,151,advanced,23,142,1,0.36,0.44,0.0025,1,80.42,7,13,low,A
1023,93,beginner,14,111,0,0.61,0.82,0.0176,1,26.32,27,17,low,D
1024,38,intermediate,22,33,0,0.35,0.51,0.0059,0,,1,10,low,B
1025,92,beginner,16,176,0,0.85,1.0,0.0161,1,-2.59,2,2,low,D
1026,155,beginner,7,125,0,0.71,0.97,0.0271,0,,15,8,low,D
1027,3,advanced,21,67,0,0.63,0.69,0.0014,1,55.42,48,17,low,C
1028,77,advanced,21,230,0,0.67,0.73,0.0011,0,,31,11,low,A
1029,2,beginner,23,100,1,0.48,0.81,0.0228,0,,4,21,low,D
1030,164,intermediate,14,50,0,0.55,0.64,0.0037,0,,16,6,low,A
1031,68,beginner,12,63,0,0.49,0.67,0.0109,1,-1.35,32,8,low,D
1032,96,intermediate,18,65,0,0.35,0.49,0.0058,0,,12,23,low,A
1033,67,advanced,8,57,0,0.44,0.5,0.0016,1,70.53,28,18,low,B
1034,7,intermediate,13,54,0,0.47,0.53,0.0025,1,22.6,26,23,low,D
1035,119,beginner,7,182,0,0.88,1.0,0.0208,1,26.94,36,2,medium,D
1036,13,beginner,17,99,0,0.83,1.0,0.0181,1,22.53,4,22,low,D
1037,93,beginner,13,168,0,0.85,1.0,0.0107,1,23.38,12,4,low,D
1038,23,intermediate,7,45,0,0.62,0.79,0.0125,1,21.8,20,20,low,D
1039,77,advanced,7,214,0,0.63,0.72,0.0015,1,81.8,25,10,low,A
1040,39,advanced,14,107,0,0.28,0.38,0.0017,0,,13,27,low,A
1041,4,advanced,10,108,0,0.69,0.78,0.0031,1,46.76,49,24,low,D
1042,73,beginner,22,185,0,0.82,1.0,0.028,1,-6.78,48,14,medium,D
1043,82,intermediate,14,134,0,0.44,0.6,0.0043,1,41.67,50,28,low,D
1044,94,advanced,17,94,0,0.56,0.61,0.0008,1,65.26,16,15,low,B
1045,95,beginner,14,50,0,0.38,0.67,0.0655,1,35.59,37,14,low,D
1046,181,advanced,19,43,0,0.29,0.39,0.0055,1,81.46,1,7,low,A
1047,107,advanced,11,102,0,0.85,0.92,0.0025,1,84.11,24,14,low,A
1048,132,intermediate,6,126,0,0.85,1.0,0.0139,1,48.89,10,4,low,D
1049,190,advanced,10,114,0,0.65,0.74,0.0024,0,,5,12,low,C
1050,87,beginner,9,23,0,0.36,0.63,0.0391,1,11.67,21,29,low,D
1051,177,intermediate,21,72,0,0.54,0.73,0.0086,1,36.89,24,2,low,D
1052,172,beginner,9,42,0,0.52,0.78,0.0286,1,39.91,47,7,low,D
1053,164,intermediate,6,144,0,0.51,0.65,0.0047,1,50.97,33,29,low,C
1054,195,advanced,7,204,0,0.75,0.92,0.0031,1,39.78,43,25,medium,D
1055,8,beginner,20,116,0,0.6,0.97,0.022,1,20.49,41,10,low,D
1056,109,intermediate,8,141,0,0.64,0.85,0.0112,1,51.12,21,3,low,C
1057,120,advanced,17,58,0,0.34,0.4,0.0009,0,,23,16,low,A
1058,61,advanced,18,59,0,0.79,0.9,0.0029,1,72.28,49,9,low,B
1059,136,intermediate,8,145,0,0.36,0.51,0.0059,1,47.86,25,30,low,D
1060,160,advanced,9,143,0,0.44,0.51,0.0012,1,79.33,17,29,low,B
1061,61,advanced,14,210,0,0.28,0.36,0.0021,1,84.92,42,13,low,A
1062,76,beginner,7,182,0,0.37,0.6,0.0173,1,26.7,24,28,low,D
1063,8,beginner,10,68,0,0.72,1.0,0.0557,0,,21,1,low,B
1064,27,beginner,7,35,0,0.38,0.58,0.0402,0,,36,12,low,C
1065,162,intermediate,20,113,0,0.53,0.66,0.0045,1,48.1,10,20,low,D
1066,102,intermediate,9,105,0,0.35,0.46,0.0071,1,55.11,17,7,low,C
1067,124,intermediate,20,151,0,0.68,0.81,0.0049,1,37.4,13,25,low,D
1068,82,intermediate,18,181,0,0.57,0.82,0.0183,0,,10,18,low,B
1069,37,advanced,23,239,1,0.59,0.69,0.0029,0,,17,2,medium,C
1070,38,intermediate,13,225,0,0.52,0.7,0.0085,1,59.2,4,15,low,C
1071,32,intermediate,20,62,0,0.34,0.53,0.0066,1,61.52,50,2,low,C
1072,28,advanced,23,210,1,0.38,0.47,0.0019,1,64.35,17,14,medium,C
1073,66,beginner,20,118,0,0.61,0.95,0.0209,1,7.67,39,8,low,D
1074,86,beginner,13,160,0,0.65,0.97,0.0259,0,,22,8,low,B
1075,66,beginner,14,141,0,0.84,1.0,0.0152,1,33.65,14,12,low,D
1076,4,advanced,22,161,0,0.55,0.65,0.0031,1,43.51,48,23,low,D
1077,171,advanced,12,27,0,0.32,0.37,0.0009,1,94.22,29,16,low,A
1078,116,advanced,19,79,0,0.85,0.9,0.0017,1,66.87,8,27,low,B
1079,46,advanced,12,182,0,0.41,0.49,0.002,1,58.22,39,21,low,C
1080,84,beginner,23,17,1,0.52,0.63,0.006,1,15.72,19,26,low,D
1081,161,intermediate,6,68,0,0.74,0.9,0.0055,1,41.47,28,26,low,D
1082,85,beginner,17,171,0,0.62,0.88,0.0202,0,,4,6,low,C
1083,132,intermediate,22,87,0,0.76,0.89,0.0079,1,42.5,9,29,low,D
1084,27,beginner,20,107,0,0.67,1.0,0.0378,1,23.74,13,23,low,D
1085,1,advanced,10,35,0,0.41,0.48,0.0019,1,75.45,40,24,low,B
1086,123,advanced,17,237,0,0.39,0.44,0.0008,1,84.44,14,16,low,A
1087,176,beginner,22,197,0,0.44,0.62,0.0122,1,12.24,39,13,low,D
1088,16,intermediate,21,205,0,0.36,0.58,0.0093,1,39.92,46,21,low,D
1089,22,beginner,9,56,0,0.78,1.0,0.0216,1,27.13,12,23,low,D
1090,8,beginner,11,71,0,0.86,1.0,0.0121,1,22.16,19,4,low,D
1091,121,beginner,6,219,0,0.43,0.94,0.0286,0,,36,12,low,C
1092,130,beginner,21,140,0,0.65,1.0,0.0321,1,2.33,41,21,low,D
1093,144,beginner,12,65,0,0.65,0.8,0.0094,0,,18,28,low,C
1094,193,advanced,11,208,0,0.31,0.41,0.0026,0,,20,28,low,B
1095,109,intermediate,10,181,0,0.74,0.95,0.0119,1,30.38,25,19,medium,D
1096,127,beginner,14,40,0,0.79,0.93,0.0135,0,,49,18,low,D
1097,13,beginner,15,181,0,0.61,0.9,0.0118,1,7.32,7,7,low,D
1098,77,advanced,8,116,0,0.82,0.9,0.0016,0,,3,25,low,C
1099,43,intermediate,17,75,0,0.65,0.81,0.0071,1,19.66,9,13,low,D
1100,122,intermediate,19,69,0,0.68,0.88,0.0054,1,55.78,16,6,low,C
1101,106,intermediate,19,110,0,0.72,0.86,0.0059,1,58.62,23,4,low,C
1102,161,intermediate,11,78,0,0.61,0.75,0.0067,0,,34,15,low,D
1103,107,advanced,12,166,0,0.67,0.73,0.0008,0,,15,10,low,A
1104,123,advanced,17,48,0,0.45,0.5,0.002,0,,11,15,low,A
1105,25,advanced,18,21,0,0.69,0.79,0.0031,0,,50,18,low,B
1106,84,beginner,17,162,0,0.45,0.83,0.0336,1,8.32,40,1,low,D
1107,193,advanced,15,160,0,0.37,0.43,0.0012,1,69.73,13,1,low,B
1108,125,advanced,12,164,0,0.37,0.51,0.0042,1,70.96,30,15,low,B
1109,41,beginner,17,198,0,0.56,0.76,0.0117,0,,11,13,low,B
1110,153,intermediate,9,154,0,0.31,0.46,0.0058,1,68.42,15,20,low,B
1111,177,intermediate,22,118,0,0.63,0.82,0.0091,1,35.93,30,17,low,D
1112,96,intermediate,14,40,0,0.82,0.98,0.0138,0,,20,29,low,B
1113,155,beginner,17,108,0,0.79,1.0,0.019,1,18.0,46,1,low,D
1114,160,advanced,7,81,0,0.26,0.38,0.0045,0,,16,11,low,B
1115,57,advanced,11,63,0,0.26,0.35,0.0019,1,93.22,42,13,low,A
1116,174,advanced,23,49,1,0.71,0.75,0.0007,1,73.3,48,23,medium,B
1117,166,intermediate,8,174,0,0.83,1.0,0.0108,1,29.24,49,25,low,D
1118,83,advanced,11,215,0,0.32,0.4,0.0011,0,,38,8,low,A
1119,134,beginner,8,222,0,0.41,0.59,0.0102,0,,42,30,low,D
1120,135,beginner,22,39,0,0.63,0.85,0.0252,1,-2.8,49,22,low,D
1121,10,intermediate,14,22,0,0.68,0.85,0.009,1,53.51,45,18,low,C
1122,198,beginner,20,135,0,0.89,1.0,0.011,0,,5,10,low,C
1123,43,intermediate,9,220,0,0.33,0.46,0.0043,1,27.12,16,2,low,D
1124,112,intermediate,21,44,0,0.4,0.52,0.0077,0,,40,19,low,A
1125,148,advanced,10,217,0,0.37,0.43,0.001,1,106.88,41,17,low,A
1126,73,beginner,18,126,0,0.62,1.0,0.0419,0,,23,13,low,B
1127,199,beginner,20,202,0,0.53,0.93,0.0338,1,32.51,23,5,low,D
1128,102,intermediate,11,130,0,0.81,0.97,0.0066,0,,29,7,low,D
1129,160,advanced,12,53,0,0.48,0.53,0.0009,1,80.24,23,5,low,A
1130,9,beginner,8,98,0,0.54,1.0,0.0591,1,36.47,2,29,low,D
1131,190,advanced,16,103,0,0.66,0.73,0.0012,1,70.75,3,6,low,B
1132,19,beginner,20,181,0,0.82,1.0,0.0296,1,9.88,50,18,medium,D
1133,103,advanced,19,73,0,0.66,0.71,0.001,1,49.02,35,5,low,D
1134,157,beginner,23,133,1,0.57,0.77,0.0139,1,15.97,47,30,low,D
1135,117,beginner,16,157,0,0.49,1.0,0.0305,1,1.65,21,14,low,D
1136,126,advanced,16,151,0,0.76,0.87,0.0035,1,80.39,46,0,low,A
1137,10,intermediate,7,38,0,0.39,0.55,0.0136,1,59.17,0,12,low,C
1138,104,advanced,18,157,0,0.25,0.35,0.0025,0,,42,3,low,B
1139,153,intermediate,11,59,0,0.64,0.89,0.0113,0,,28,24,low,C
1140,33,beginner,19,61,0,0.82,1.0,0.0338,1,11.71,31,1,low,D
1141,196,advanced,12,238,0,0.51,0.59,0.0013,1,61.01,28,2,low,C
1142,111,intermediate,6,160,0,0.38,0.58,0.0089,1,46.49,28,16,low,D
1143,50,intermediate,16,59,0,0.81,1.0,0.007,0,,36,24,low,B
1144,47,beginner,13,137,0,0.6,0.92,0.0267,1,39.55,5,13,low,D
1145,152,advanced,8,158,0,0.3,0.36,0.0011,1,63.44,31,13,low,C
1146,71,advanced,9,189,0,0.77,0.84,0.0014,0,,24,15,medium,C
1147,144,beginner,14,52,0,0.72,0.88,0.009,1,26.1,0,8,low,D
1148,43,intermediate,6,38,0,0.53,0.64,0.0042,1,29.98,19,30,low,D
1149,152,advanced,17,193,0,0.85,0.93,0.0017,0,,16,28,medium,A
1150,188,beginner,7,141,0,0.67,1.0,0.0442,0,,18,6,low,C
1151,142,intermediate,19,78,0,0.76,0.87,0.0026,1,41.09,10,26,low,D
1152,129,advanced,21,237,0,0.4,0.48,0.0011,1,75.78,27,6,low,B
1153,186,advanced,12,159,0,0.4,0.46,0.0017,1,90.44,7,30,low,A
1154,136,intermediate,13,89,0,0.33,0.54,0.0117,0,,29,25,low,B
1155,181,advanced,16,101,0,0.42,0.48,0.0016,1,62.26,26,6,low,C
1156,141,advanced,16,79,0,0.65,0.71,0.0013,1,63.8,18,26,low,C
1157,164,intermediate,23,177,1,0.75,0.88,0.004,1,49.36,29,8,medium,D
1158,128,beginner,18,86,0,0.77,1.0,0.0369,1,-2.92,7,9,low,D
1159,52,advanced,6,91,0,0.61,0.66,0.001,1,70.44,31,27,low,B
1160,127,beginner,10,51,0,0.36,0.61,0.0193,1,10.74,4,21,low,D
1161,167,intermediate,18,137,0,0.34,0.49,0.0069,0,,10,30,low,C
1162,25,advanced,14,147,0,0.79,0.87,0.001,1,46.23,18,20,low,D
1163,5,beginner,9,80,0,0.78,0.94,0.0118,0,,41,0,low,D
1164,131,intermediate,22,82,0,0.9,1.0,0.0065,1,16.16,49,28,low,D
1165,56,advanced,16,50,0,0.56,0.59,0.0007,0,,22,8,low,B
1166,31,beginner,17,85,0,0.66,0.98,0.0139,0,,5,30,low,C
1167,109,intermediate,6,115,0,0.72,0.86,0.0069,1,34.81,3,25,low,D
1168,125,advanced,20,84,0,0.37,0.48,0.0019,1,57.6,19,7,low,C
1169,107,advanced,12,61,0,0.29,0.35,0.0018,1,99.29,5,8,low,A
1170,45,beginner,9,60,0,0.83,1.0,0.0094,1,-7.57,37,26,low,D
1171,165,advanced,9,138,0,0.75,0.83,0.0021,0,,3,14,low,A
1172,88,intermediate,19,34,0,0.57,0.68,0.0085,1,30.22,49,30,low,D
1173,161,intermediate,18,157,0,0.38,0.54,0.0076,1,50.18,12,3,low,C
1174,45,beginner,7,153,0,0.67,0.94,0.0238,0,,36,11,low,C
1175,59,advanced,10,56,0,0.45,0.51,0.0013,0,,44,24,low,A
1176,151,advanced,20,22,0,0.71,0.76,0.0013,1,56.69,37,21,low,C
1177,116,advanced,8,228,0,0.4,0.5,0.0026,1,70.59,46,11,low,B
1178,91,beginner,19,150,0,0.71,1.0,0.0177,0,,29,15,low,B
1179,189,advanced,11,222,0,0.4,0.51,0.0022,1,77.48,30,9,low,B
1180,107,advanced,10,219,0,0.8,0.88,0.002,1,80.71,28,24,medium,A
1181,143,intermediate,16,101,0,0.88,1.0,0.0078,1,33.18,9,16,low,D
1182,12,advanced,7,147,0,0.29,0.37,0.0019,1,78.53,29,16,low,B
1183,179,intermediate,16,123,0,0.74,0.92,0.0069,0,,17,29,low,B
1184,107,advanced,22,84,0,0.82,0.87,0.0013,0,,3,17,low,C
1185,32,intermediate,9,146,0,0.55,0.74,0.0053,1,46.49,7,3,low,D
1186,120,advanced,19,106,0,0.81,0.93,0.0028,0,,21,1,low,A
1187,71,advanced,6,48,0,0.76,0.85,0.0029,0,,45,15,low,B
1188,124,intermediate,21,92,0,0.51,0.65,0.0048,0,,18,1,low,C
1189,172,beginner,11,110,0,0.38,0.58,0.0156,1,32.13,37,9,low,D
1190,7,intermediate,18,68,0,0.45,0.72,0.0125,1,43.57,32,25,low,D
1191,121,beginner,19,112,0,0.74,0.92,0.0092,1,14.01,48,30,low,D
1192,77,advanced,15,130,0,0.81,0.86,0.001,0,,8,5,low,B
1193,155,beginner,20,87,0,0.9,1.0,0.0087,1,-5.87,36,22,low,D
1194,10,intermediate,7,234,0,0.32,0.54,0.0099,0,,33,9,low,A
1195,149,advanced,7,79,0,0.7,0.74,0.0012,0,,14,18,low,A
1196,32,intermediate,7,84,0,0.54,0.74,0.0122,1,47.01,30,18,low,D
1197,129,advanced,17,65,0,0.48,0.53,0.0011,1,70.82,30,1,low,B
1198,111,intermediate,13,134,0,0.87,1.0,0.0056,0,,35,18,low,B
1199,56,advanced,21,33,0,0.3,0.35,0.0009,1,73.66,47,28,low,B
1200,2,beginner,16,124,0,0.57,0.97,0.0227,1,22.97,7,18,low,D
1201,108,intermediate,20,210,0,0.78,0.95,0.0043,1,28.51,23,9,medium,D
1202,34,advanced,13,101,0,0.29,0.35,0.0018,0,,37,10,low,B
1203,117,beginner,13,40,0,0.66,0.96,0.0312,1,27.32,11,27,low,D
1204,189,advanced,17,51,0,0.54,0.62,0.0028,1,88.89,27,4,low,A
1205,51,beginner,8,118,0,0.55,0.73,0.0115,0,,14,11,low,B
1206,72,beginner,18,97,0,0.91,1.0,0.013,0,,31,3,low,C
1207,75,beginner,11,167,0,0.67,0.87,0.015,1,0.94,40,18,low,D
1208,83,advanced,19,93,0,0.74,0.82,0.0013,1,59.78,9,19,low,C
1209,197,beginner,14,184,0,0.42,0.74,0.0247,1,13.19,4,10,low,D
1210,158,intermediate,17,116,0,0.55,0.72,0.0102,0,,43,11,low,A
1211,33,beginner,12,178,0,0.69,1.0,0.0408,0,,36,22,low,C
1212,30,beginner,18,65,0,0.66,0.87,0.0087,0,,45,1,low,D
1213,158,intermediate,13,18,0,0.81,1.0,0.0152,1,32.86,5,27,low,D
1214,74,advanced,14,131,0,0.82,0.89,0.0012,1,73.24,20,5,low,B
1215,126,advanced,8,205,0,0.61,0.67,0.0011,0,,9,21,low,A
1216,136,intermediate,18,154,0,0.51,0.78,0.0078,1,37.3,26,13,low,D
1217,2,beginner,8,141,0,0.49,0.68,0.0118,1,13.75,50,18,low,D
1218,103,advanced,11,185,0,0.51,0.58,0.0012,1,80.12,11,6,low,A
1219,4,advanced,10,142,0,0.38,0.48,0.0026,1,61.08,9,13,low,C
1220,123,advanced,16,31,0,0.48,0.53,0.0012,1,87.39,43,24,low,A
1221,108,intermediate,9,97,0,0.36,0.49,0.0063,1,76.03,24,4,low,B
1222,187,beginner,20,67,0,0.91,1.0,0.0137,0,,35,18,low,C
1223,111,intermediate,23,214,1,0.62,0.85,0.0084,1,44.13,26,18,medium,D
1224,72,beginner,15,158,0,0.84,1.0,0.013,1,1.86,35,2,low,D
1225,49,advanced,8,142,0,0.3,0.36,0.0015,0,,13,19,low,A
1226,171,advanced,9,157,0,0.46,0.51,0.0013,1,98.12,11,25,low,A
1227,89,advanced,9,47,0,0.32,0.37,0.0014,1,103.04,17,20,low,A
1228,63,beginner,14,196,0,0.48,0.73,0.0115,0,,45,25,low,C
1229,137,advanced,13,123,0,0.69,0.77,0.0013,1,84.08,38,10,low,A
1230,77,advanced,10,38,0,0.48,0.56,0.0032,1,84.85,49,5,low,A
1231,17,advanced,15,93,0,0.57,0.63,0.0014,1,76.42,13,27,low,B
1232,117,beginner,14,79,0,0.41,0.67,0.019,1,33.45,0,21,low,D
1233,190,advanced,6,161,0,0.27,0.35,0.0019,0,,34,17,low,A
1234,39,advanced,7,150,0,0.84,0.9,0.001,1,68.34,41,24,low,B
1235,90,advanced,6,104,0,0.78,0.83,0.0008,1,62.53,18,7,low,C
1236,96,intermediate,23,95,1,0.52,0.6,0.0036,1,55.49,46,25,low,C
1237,29,beginner,14,81,0,0.46,0.82,0.0326,0,,16,25,low,B
1238,77,advanced,12,240,0,0.47,0.56,0.0017,1,92.84,35,7,low,A
1239,41,beginner,10,173,0,0.92,1.0,0.0071,1,20.67,35,10,low,D
1240,165,advanced,17,139,0,0.63,0.76,0.0028,1,54.26,37,13,low,C
1241,175,advanced,19,177,0,0.66,0.77,0.0021,0,,49,5,low,B
1242,96,intermediate,23,161,1,0.56,0.74,0.0106,0,,10,19,low,C
1243,139,advanced,23,237,1,0.58,0.73,0.0021,1,74.14,39,14,medium,B
1244,122,intermediate,22,166,0,0.39,0.57,0.011,0,,44,26,low,A
1245,65,beginner,11,115,0,0.42,0.64,0.0158,1,19.7,21,3,low,D
1246,93,beginner,12,91,0,0.39,0.67,0.0298,0,,41,4,low,C
1247,196,advanced,19,236,0,0.82,0.95,0.0027,1,50.37,11,21,medium,C
1248,65,beginner,23,211,1,0.83,1.0,0.0301,1,7.96,4,19,high,D
1249,179,intermediate,21,134,0,0.44,0.66,0.0095,1,36.21,21,21,low,D
1250,102,intermediate,21,113,0,0.65,0.78,0.0053,0,,37,0,low,B
1251,16,intermediate,22,104,0,0.61,0.77,0.0097,0,,9,11,low,B
1252,182,advanced,22,202,0,0.38,0.49,0.0023,0,,5,3,low,B
1253,50,intermediate,16,157,0,0.89,1.0,0.005,0,,14,25,low,B
1254,182,advanced,16,176,0,0.49,0.64,0.0036,0,,37,30,low,C
1255,197,beginner,12,66,0,0.9,1.0,0.0134,1,9.14,30,13,low,D
1256,110,advanced,22,162,0,0.3,0.35,0.0011,1,83.21,26,26,low,A
1257,162,intermediate,15,69,0,0.71,0.84,0.0094,0,,17,5,low,B
1258,86,beginner,20,175,0,0.45,0.75,0.0244,1,29.87,49,7,low,D
1259,65,beginner,18,40,0,0.67,0.79,0.0074,1,4.96,49,20,low,D
1260,18,intermediate,19,197,0,0.75,0.95,0.0063,1,66.71,11,13,medium,B
1261,145,advanced,16,217,0,0.63,0.71,0.0012,0,,44,13,low,A
1262,120,advanced,10,218,0,0.43,0.51,0.0011,1,85.44,9,29,low,A
1263,174,advanced,11,65,0,0.53,0.6,0.001,0,,30,21,low,C
1264,99,advanced,16,71,0,0.51,0.56,0.0019,0,,21,24,low,A
1265,21,intermediate,23,20,1,0.68,0.76,0.0046,0,,36,2,low,D
1266,156,intermediate,17,217,0,0.66,0.85,0.0147,1,31.35,21,6,low,D
1267,101,beginner,7,55,0,0.56,0.69,0.009,1,-0.32,32,11,low,D
1268,147,beginner,8,46,0,0.32,0.53,0.0143,1,20.05,33,12,low,D
1269,119,beginner,11,200,0,0.43,0.8,0.0247,1,17.19,41,5,low,D
1270,124,intermediate,8,176,0,0.77,0.93,0.008,1,29.98,8,20,low,D
1271,134,beginner,11,172,0,0.89,1.0,0.0125,1,-4.04,27,20,low,D
1272,173,advanced,8,69,0,0.72,0.81,0.0021,1,37.42,42,13,low,D
1273,17,advanced,19,198,0,0.72,0.82,0.0026,1,65.31,1,17,medium,B
1274,73,beginner,14,30,0,0.85,0.98,0.0083,1,15.66,26,10,low,D
1275,13,beginner,16,84,0,0.74,0.94,0.0198,1,21.59,25,9,low,D
1276,41,beginner,16,147,0,0.86,1.0,0.0171,0,,29,17,low,C
1277,175,advanced,8,165,0,0.81,0.85,0.0007,1,58.23,1,13,low,C
1278,130,beginner,12,163,0,0.42,0.84,0.0417,0,,45,26,low,C
1279,148,advanced,10,154,0,0.78,0.89,0.0026,1,81.32,25,17,low,A
1280,192,advanced,22,213,0,0.63,0.69,0.0008,0,,33,2,low,A
1281,93,beginner,9,136,0,0.84,1.0,0.0162,1,0.04,21,29,low,D
1282,64,advanced,15,196,0,0.31,0.44,0.0027,0,,16,14,low,B
1283,59,advanced,22,98,0,0.6,0.68,0.0012,1,42.21,20,17,low,D
1284,83,advanced,14,137,0,0.76,0.86,0.0029,0,,27,7,low,A
1285,21,intermediate,16,27,0,0.52,0.65,0.0108,1,30.06,31,26,low,D
1286,158,intermediate,14,68,0,0.46,0.54,0.0039,1,25.89,18,12,low,D
1287,70,advanced,16,86,0,0.83,0.91,0.002,0,,47,22,low,A
1288,105,beginner,9,187,0,0.88,1.0,0.0199,1,-6.1,33,11,medium,D
1289,86,beginner,17,152,0,0.66,1.0,0.0341,0,,16,20,low,C
1290,19,beginner,8,204,0,0.8,0.99,0.0126,0,,10,11,medium,C
1291,44,intermediate,12,211,0,0.76,0.98,0.0083,1,46.85,33,22,medium,D
1292,75,beginner,10,158,0,0.86,1.0,0.0328,1,14.86,20,27,low,D
1293,199,beginner,10,196,0,0.8,1.0,0.0388,1,25.76,9,10,medium,D
1294,116,advanced,19,31,0,0.35,0.44,0.0028,0,,24,30,low,B
1295,91,beginner,12,69,0,0.78,1.0,0.0351,1,4.9,27,20,low,D
1296,70,advanced,10,126,0,0.78,0.83,0.0008,1,32.74,13,15,low,D
1297,112,intermediate,18,187,0,0.8,0.95,0.0041,1,19.51,39,27,medium,D
1298,26,advanced,21,192,0,0.42,0.5,0.0015,1,59.36,34,27,low,C
1299,150,advanced,17,154,0,0.66,0.75,0.0019,1,86.32,25,21,low,A
1300,26,advanced,14,140,0,0.36,0.46,0.0019,1,52.29,25,6,low,C
1301,55,beginner,16,177,0,0.46,0.79,0.0365,0,,0,8,low,B
1302,137,advanced,9,218,0,0.7,0.79,0.0016,0,,2,17,medium,A
1303,106,intermediate,11,82,0,0.43,0.53,0.0042,0,,13,1,low,D
1304,23,intermediate,15,186,0,0.58,0.74,0.006,1,32.18,1,23,low,D
1305,138,advanced,22,116,0,0.73,0.84,0.0025,1,58.47,23,4,low,C
1306,54,intermediate,19,213,0,0.52,0.78,0.0163,1,40.83,32,7,low,D
1307,189,advanced,16,209,0,0.28,0.39,0.0026,1,84.22,43,8,low,A
1308,132,intermediate,12,90,0,0.37,0.52,0.0061,0,,15,4,low,C
1309,147,beginner,14,159,0,0.8,1.0,0.0281,0,,5,22,low,C
1310,86,beginner,8,178,0,0.68,1.0,0.0347,1,25.41,41,22,low,D
1311,169,beginner,22,80,0,0.45,0.75,0.022,1,23.49,31,29,low,D
1312,87,beginner,17,156,0,0.44,0.71,0.0192,1,16.18,27,24,low,D
1313,80,advanced,14,203,0,0.53,0.62,0.0018,1,76.32,2,21,low,B
1314,155,beginner,22,44,0,0.63,0.97,0.0327,1,-4.27,46,20,low,D
1315,186,advanced,21,163,0,0.7,0.84,0.0029,0,,5,21,low,A
1316,162,intermediate,17,198,0,0.45,0.62,0.007,1,24.01,7,13,low,D
1317,96,intermediate,17,181,0,0.47,0.65,0.0093,1,60.67,0,24,low,C
1318,21,intermediate,14,220,0,0.73,0.93,0.0074,1,40.47,21,1,medium,D
1319,199,beginner,12,187,0,0.38,0.58,0.0136,1,24.46,24,19,low,D
1320,44,intermediate,23,42,1,0.4,0.56,0.0146,1,60.1,15,25,low,C
1321,115,intermediate,14,109,0,0.36,0.49,0.0049,1,39.46,33,7,low,D
1322,168,beginner,16,198,0,0.57,0.92,0.0182,0,,36,12,low,D
1323,162,intermediate,16,137,0,0.45,0.61,0.0083,1,28.85,28,3,low,D
1324,19,beginner,21,75,0,0.71,0.92,0.0186,1,33.44,29,25,low,D
1325,82,intermediate,15,220,0,0.86,1.0,0.0093,0,,36,20,medium,A
1326,182,advanced,7,53,0,0.36,0.45,0.003,1,52.91,33,29,low,C
1327,22,beginner,15,36,0,0.48,0.85,0.0554,1,35.66,12,7,low,D
1328,97,intermediate,13,73,0,0.7,0.84,0.0069,0,,4,7,low,D
1329,6,intermediate,18,202,0,0.88,1.0,0.0052,1,17.26,44,15,medium,D
1330,119,beginner,8,125,0,0.54,0.96,0.0284,1,22.16,25,12,low,D
1331,66,beginner,10,37,0,0.54,0.71,0.0213,0,,30,27,low,C
1332,46,advanced,10,55,0,0.37,0.45,0.0023,0,,15,3,low,A
1333,167,intermediate,19,78,0,0.71,0.87,0.006,1,57.63,28,23,low,C
1334,67,advanced,21,181,0,0.72,0.78,0.0012,1,66.76,15,2,medium,B
1335,161,intermediate,18,27,0,0.43,0.56,0.0129,1,66.09,43,12,low,B
1336,109,intermediate,6,32,0,0.88,0.98,0.0028,0,,34,18,low,C
1337,12,advanced,18,110,0,0.59,0.64,0.0011,1,76.41,3,2,low,B
1338,181,advanced,18,220,0,0.61,0.66,0.0011,1,81.48,38,18,low,A
1339,160,advanced,17,126,0,0.68,0.74,0.001,0,,5,17,low,B
1340,133,advanced,6,91,0,0.68,0.79,0.0025,1,76.1,28,8,low,B
1341,84,beginner,10,168,0,0.45,0.67,0.0267,1,3.23,14,30,low,D
1342,70,advanced,9,200,0,0.36,0.47,0.0019,1,59.66,29,22,low,C
1343,151,advanced,19,73,0,0.84,0.92,0.0023,1,50.14,37,0,low,C
1344,150,advanced,22,105,0,0.42,0.48,0.0009,1,95.59,3,21,low,A
1345,101,beginner,8,148,0,0.45,0.64,0.0116,1,19.32,36,9,low,D
1346,47,beginner,9,179,0,0.44,0.63,0.0137,1,35.84,39,26,low,D
1347,93,beginner,9,165,0,0.59,0.88,0.0298,1,12.8,15,14,low,D
1348,63,beginner,12,182,0,0.36,0.78,0.0385,1,5.24,38,21,low,D
1349,6,intermediate,20,20,0,0.39,0.48,0.0131,1,25.98,49,24,low,D
1350,26,advanced,11,216,0,0.66,0.8,0.0035,0,,47,10,low,A
1351,123,advanced,16,18,0,0.75,0.81,0.0018,1,64.26,18,7,low,C
1352,90,advanced,9,120,0,0.37,0.43,0.0009,1,80.73,5,12,low,A
1353,38,intermediate,16,95,0,0.33,0.48,0.0089,1,65.02,37,15,low,B
1354,149,advanced,12,202,0,0.84,0.9,0.001,0,,34,7,medium,C
1355,151,advanced,12,88,0,0.66,0.72,0.0012,1,86.27,0,13,low,A
1356,113,advanced,12,29,0,0.75,0.81,0.0013,1,80.86,26,19,low,A
1357,57,advanced,17,82,0,0.47,0.53,0.0012,1,86.1,5,0,low,A
1358,121,beginner,13,150,0,0.8,1.0,0.0258,1,12.7,11,7,low,D
1359,166,intermediate,6,50,0,0.58,0.67,0.0047,1,47.87,23,2,low,D
1360,38,intermediate,13,107,0,0.75,0.93,0.008,1,51.5,34,3,low,C
1361,73,beginner,12,33,0,0.52,0.64,0.008,1,16.09,11,0,low,D
1362,184,beginner,11,131,0,0.78,1.0,0.0146,1,33.49,2,2,low,D
1363,135,beginner,21,54,0,0.89,1.0,0.0068,1,0.46,23,0,low,D
1364,31,beginner,20,71,0,0.87,1.0,0.0261,1,2.49,31,30,low,D
1365,158,intermediate,7,224,0,0.81,0.99,0.0081,1,26.04,21,22,medium,D
1366,160,advanced,19,184,0,0.78,0.87,0.0019,0,,17,12,medium,A
1367,39,advanced,8,205,0,0.66,0.72,0.0009,0,,34,14,low,A
1368,77,advanced,18,56,0,0.79,0.85,0.0012,1,72.28,50,16,low,B
1369,76,beginner,21,227,0,0.68,1.0,0.0323,1,12.76,1,25,low,D
1370,176,beginner,20,107,0,0.83,1.0,0.0096,0,,17,28,low,B
1371,159,intermediate,12,42,0,0.74,0.83,0.003,1,37.01,19,13,low,D
1372,104,advanced,14,86,0,0.6,0.65,0.0014,0,,39,17,low,B
1373,42,beginner,18,191,0,0.43,0.72,0.0125,1,16.02,17,24,low,D
1374,30,beginner,18,82,0,0.42,0.7,0.016,1,37.11,34,15,low,D
1375,71,advanced,10,86,0,0.59,0.67,0.0015,1,87.9,20,0,low,A
1376,118,beginner,19,105,0,0.41,0.65,0.0104,0,,41,30,low,D
1377,134,beginner,20,216,0,0.42,0.81,0.0202,1,22.07,39,25,low,D
1378,128,beginner,19,44,0,0.46,0.66,0.0139,1,15.88,44,8,low,D
1379,131,intermediate,16,168,0,0.75,1.0,0.0082,1,48.56,24,10,low,D
1380,131,intermediate,23,70,1,0.49,0.59,0.0062,0,,41,4,low,B
1381,127,beginner,13,132,0,0.62,0.99,0.0267,1,10.26,21,15,low,D
1382,90,advanced,9,62,0,0.65,0.71,0.0009,0,,41,0,low,A
1383,100,beginner,20,110,0,0.38,0.65,0.0209,1,15.0,8,20,low,D
1384,197,beginner,20,81,0,0.45,0.79,0.0395,1,6.55,27,3,low,D
1385,29,beginner,16,169,0,0.63,0.82,0.0121,1,9.95,5,23,low,D
1386,168,beginner,7,203,0,0.49,1.0,0.036,0,,23,30,low,B
1387,51,beginner,14,28,0,0.36,0.55,0.0127,1,9.36,47,22,low,D
1388,26,advanced,10,99,0,0.57,0.64,0.0013,1,70.62,32,20,low,B
1389,128,beginner,12,210,0,0.77,1.0,0.034,1,-0.9,26,23,medium,D
1390,97,intermediate,6,32,0,0.83,1.0,0.0081,0,,44,25,low,B
1391,128,beginner,21,31,0,0.38,0.51,0.0059,0,,49,16,low,D
1392,179,intermediate,21,185,0,0.61,0.79,0.0078,0,,16,4,low,C
1393,110,advanced,18,77,0,0.36,0.46,0.0017,0,,33,23,low,A
1394,13,beginner,23,76,1,0.78,1.0,0.0217,1,19.4,5,4,medium,D
1395,85,beginner,10,194,0,0.83,1.0,0.0347,1,2.04,47,28,medium,D
1396,132,intermediate,22,29,0,0.47,0.58,0.0069,1,19.37,15,13,low,D
1397,13,beginner,18,210,0,0.47,0.86,0.0163,1,9.42,20,7,low,D
1398,43,intermediate,23,29,1,0.76,1.0,0.0152,1,11.01,13,25,medium,D
1399,157,beginner,9,32,0,0.28,0.5,0.0237,1,29.2,12,28,low,D
1400,75,beginner,12,24,0,0.85,0.9,0.003,1,10.26,28,1,low,D
1401,32,intermediate,19,196,0,0.89,1.0,0.0049,1,34.17,47,14,medium,D
1402,189,advanced,19,74,0,0.37,0.42,0.0011,0,,3,13,low,B
1403,157,beginner,17,237,0,0.85,1.0,0.0247,1,21.54,49,12,medium,D
1404,104,advanced,14,162,0,0.69,0.78,0.0024,1,80.4,45,8,low,A
1405,119,beginner,21,56,0,0.52,0.8,0.0301,1,17.21,29,23,low,D
1406,99,advanced,17,15,0,0.72,0.76,0.0018,0,,34,0,low,A
1407,70,advanced,16,62,0,0.46,0.52,0.0019,1,54.02,31,15,low,C
1408,113,advanced,16,84,0,0.82,0.88,0.0014,0,,1,24,low,C
1409,193,advanced,21,133,0,0.31,0.4,0.0018,1,75.36,41,22,low,B
1410,21,intermediate,23,152,1,0.87,1.0,0.0112,0,,19,28,medium,C
1411,34,advanced,20,195,0,0.48,0.61,0.003,1,81.93,4,20,low,A
1412,141,advanced,14,94,0,0.83,0.9,0.0013,1,44.6,11,6,low,D
1413,190,advanced,20,158,0,0.44,0.54,0.0032,1,91.94,28,30,low,A
1414,90,advanced,7,196,0,0.41,0.52,0.0023,1,73.55,24,17,low,B
1415,70,advanced,16,142,0,0.35,0.45,0.0018,1,53.0,47,22,low,C
1416,50,intermediate,17,156,0,0.46,0.63,0.0065,0,,50,20,low,B
1417,160,advanced,9,115,0,0.71,0.82,0.0031,0,,17,6,low,A
1418,114,beginner,22,236,0,0.77,1.0,0.0401,1,36.41,20,22,medium,D
1419,22,beginner,20,46,0,0.66,0.85,0.0147,1,25.55,15,1,low,D
1420,171,advanced,10,186,0,0.76,0.83,0.0011,1,76.4,47,4,medium,B
1421,113,advanced,21,202,0,0.83,0.92,0.001,1,84.39,27,9,medium,A
1422,61,advanced,15,49,0,0.61,0.67,0.0012,1,48.75,5,12,low,D
1423,7,intermediate,20,177,0,0.76,0.9,0.0044,1,31.42,26,16,low,D
1424,76,beginner,6,207,0,0.51,1.0,0.0388,1,18.94,42,12,low,D
1425,132,intermediate,16,146,0,0.47,0.71,0.0167,1,59.92,37,28,low,C
1426,48,intermediate,18,56,0,0.77,0.95,0.0108,1,35.71,13,30,low,D
1427,152,advanced,7,106,0,0.5,0.59,0.0021,1,77.22,7,25,low,B
1428,130,beginner,15,139,0,0.47,0.79,0.029,1,3.11,42,22,low,D
1429,12,advanced,15,144,0,0.6,0.75,0.0027,1,68.28,18,28,low,B
1430,142,intermediate,16,67,0,0.88,0.98,0.004,1,36.21,11,3,low,D
1431,27,beginner,7,124,0,0.8,1.0,0.0144,1,7.66,44,16,low,D
1432,102,intermediate,7,72,0,0.4,0.55,0.0071,1,37.92,43,1,low,D
1433,117,beginner,16,233,0,0.35,0.7,0.0264,1,28.14,17,4,low,D
1434,120,advanced,15,45,0,0.45,0.54,0.0024,0,,9,3,low,C
1435,59,advanced,18,54,0,0.4,0.44,0.0009,1,66.11,16,13,low,B
1436,121,beginner,12,48,0,0.74,0.92,0.0113,0,,36,5,low,D
1437,19,beginner,18,196,0,0.32,0.68,0.0254,1,27.22,47,1,low,D
1438,111,intermediate,16,27,0,0.4,0.48,0.0019,0,,19,3,low,C
1439,22,beginner,16,105,0,0.67,0.85,0.0152,1,34.94,32,0,low,D
1440,39,advanced,15,39,0,0.53,0.56,0.0005,0,,45,18,low,A
1441,196,advanced,8,141,0,0.25,0.29,0.0009,0,,24,15,low,A
1442,70,advanced,22,16,0,0.24,0.3,0.0043,0,,40,9,low,A
1443,91,beginner,9,139,0,0.8,1.0,0.0125,1,11.63,30,27,low,D
1444,110,advanced,11,84,0,0.42,0.48,0.0009,1,94.71,13,8,low,A
1445,179,intermediate,14,158,0,0.31,0.5,0.0101,1,60.5,49,16,low,C
1446,124,intermediate,19,229,0,0.59,0.81,0.0064,1,41.92,16,7,low,D
1447,65,beginner,23,76,1,0.6,0.76,0.0122,1,11.3,35,21,low,D
1448,141,advanced,23,175,1,0.24,0.33,0.0017,1,70.75,40,12,low,B
1449,165,advanced,23,204,1,0.44,0.54,0.003,0,,4,8,medium,A
1450,25,advanced,13,83,0,0.6,0.71,0.0021,1,83.25,0,11,low,A
1451,155,beginner,7,46,0,0.42,0.68,0.0286,0,,2,7,low,C
1452,64,advanced,12,147,0,0.49,0.63,0.0026,1,82.08,48,24,low,A
1453,157,beginner,11,236,0,0.39,0.88,0.0306,1,25.39,11,9,low,D
1454,128,beginner,22,195,0,0.89,1.0,0.0127,1,4.36,18,7,medium,D
1455,198,beginner,15,220,0,0.77,1.0,0.0145,1,27.1,28,13,medium,D
1456,67,advanced,12,70,0,0.32,0.38,0.001,1,89.96,5,7,low,A
1457,35,intermediate,16,162,0,0.37,0.58,0.0107,1,46.56,15,16,low,D
1458,163,beginner,16,187,0,0.63,0.93,0.0189,1,21.3,14,1,low,D
1459,169,beginner,11,79,0,0.6,0.83,0.0208,1,1.33,29,9,low,D
1460,121,beginner,7,43,0,0.68,0.9,0.0314,0,,49,25,low,C
1461,113,advanced,13,93,0,0.75,0.83,0.0015,0,,31,28,low,A
1462,121,beginner,13,224,0,0.77,1.0,0.0173,0,,30,3,medium,D
1463,196,advanced,7,157,0,0.34,0.44,0.0014,1,76.56,22,14,low,B
1464,19,beginner,8,48,0,0.9,1.0,0.011,1,21.27,34,21,low,D
1465,51,beginner,12,224,0,0.43,0.8,0.0197,1,39.72,3,17,low,D
1466,116,advanced,21,174,0,0.82,0.9,0.0016,1,48.61,46,9,low,D
1467,77,advanced,6,117,0,0.31,0.39,0.0023,1,77.53,39,3,low,B
1468,128,beginner,22,165,0,0.4,0.74,0.0448,0,,42,20,low,C
1469,27,beginner,18,193,0,0.42,0.67,0.0232,1,27.36,21,1,low,D
1470,103,advanced,14,191,0,0.36,0.47,0.0025,1,89.12,2,7,low,A
1471,52,advanced,18,34,0,0.31,0.35,0.0011,1,81.53,9,20,low,A
1472,40,advanced,16,43,0,0.69,0.72,0.0006,1,60.48,46,19,low,C
1473,65,beginner,16,119,0,0.84,1.0,0.0129,1,-5.01,3,8,low,D
1474,101,beginner,11,160,0,0.47,0.88,0.0349,1,23.43,1,4,low,D
1475,92,beginner,15,126,0,0.37,0.59,0.0191,0,,17,16,low,C
1476,86,beginner,23,136,1,0.76,1.0,0.0313,0,,33,25,medium,C
1477,175,advanced,12,220,0,0.52,0.58,0.0011,0,,27,13,low,A
1478,184,beginner,22,123,0,0.58,0.83,0.0117,1,34.07,9,7,low,D
1479,115,intermediate,21,101,0,0.32,0.47,0.0089,1,39.17,3,20,low,D
1480,95,beginner,12,37,0,0.36,0.55,0.0218,0,,15,0,low,C
1481,174,advanced,20,20,0,0.66,0.68,0.0007,0,,35,26,low,B
1482,174,advanced,11,96,0,0.83,0.89,0.0012,1,72.93,24,0,low,B
1483,42,beginner,12,116,0,0.51,0.81,0.0287,1,9.8,10,12,low,D
1484,73,beginner,23,163,1,0.46,0.89,0.0373,0,,15,11,low,C
1485,162,intermediate,19,171,0,0.67,0.94,0.0118,1,34.49,22,17,low,D
1486,42,beginner,12,193,0,0.69,0.87,0.0094,1,7.7,25,5,low,D
1487,59,advanced,20,158,0,0.37,0.52,0.0031,0,,36,16,low,B
1488,128,beginner,18,105,0,0.56,0.77,0.0102,1,25.42,39,29,low,D
1489,200,advanced,18,235,0,0.82,0.95,0.0029,1,72.71,4,0,medium,B
1490,149,advanced,6,152,0,0.59,0.65,0.0011,0,,13,11,low,B
1491,16,intermediate,7,230,0,0.59,0.77,0.0084,0,,1,7,low,B
1492,56,advanced,12,142,0,0.43,0.51,0.0023,1,52.62,49,22,low,C
1493,25,advanced,21,223,0,0.55,0.63,0.0022,1,79.48,20,4,low,B
1494,155,beginner,10,29,0,0.6,0.92,0.0268,1,20.36,0,26,low,D
1495,6,intermediate,6,221,0,0.9,1.0,0.0071,1,29.59,27,18,medium,D
1496,12,advanced,20,165,0,0.65,0.77,0.0024,1,65.76,34,27,low,B
1497,14,intermediate,18,143,0,0.4,0.61,0.0066,1,41.48,10,17,low,D
1498,75,beginner,7,190,0,0.75,1.0,0.0336,1,3.33,27,22,medium,D
1499,184,beginner,18,178,0,0.8,1.0,0.0159,0,,13,14,low,C
1500,173,advanced,17,24,0,0.32,0.36,0.0015,0,,29,29,low,B
1501,120,advanced,12,40,0,0.39,0.44,0.0017,1,57.49,0,27,low,C
1502,45,beginner,7,51,0,0.75,0.91,0.009,0,,10,12,low,D
1503,119,beginner,11,183,0,0.72,1.0,0.0263,1,20.79,35,17,medium,D
1504,78,intermediate,7,49,0,0.71,0.79,0.0047,1,19.2,31,28,low,D
1505,158,intermediate,16,50,0,0.87,1.0,0.0041,1,36.45,11,1,low,D
1506,118,beginner,10,79,0,0.35,0.59,0.0273,0,,5,16,low,C
1507,115,intermediate,23,190,1,0.89,1.0,0.0105,1,24.85,5,21,high,D
1508,190,advanced,23,18,1,0.37,0.42,0.0024,1,64.33,35,13,low,C
1509,105,beginner,9,66,0,0.6,0.97,0.0262,0,,27,7,low,B
1510,136,intermediate,9,41,0,0.29,0.39,0.0039,0,,30,3,low,D
1511,66,beginner,17,211,0,0.51,0.73,0.0114,1,28.0,13,10,low,D
1512,38,intermediate,22,35,0,0.51,0.61,0.0028,1,51.19,45,7,low,C
1513,96,intermediate,23,216,1,0.44,0.73,0.0121,1,47.66,13,25,medium,D
1514,186,advanced,23,41,1,0.43,0.47,0.001,1,73.02,27,5,low,B
1515,69,advanced,21,234,0,0.66,0.79,0.0027,0,,9,16,low,A
1516,150,advanced,19,116,0,0.82,0.87,0.0011,1,62.25,7,23,low,C
1517,165,advanced,8,144,0,0.57,0.62,0.001,1,46.71,17,3,low,D
1518,101,beginner,10,79,0,0.63,1.0,0.0322,0,,38,5,low,C
1519,156,intermediate,12,236,0,0.88,1.0,0.0079,1,43.89,12,29,medium,D
1520,67,advanced,6,116,0,0.65,0.72,0.0019,0,,48,5,low,A
1521,59,advanced,21,35,0,0.68,0.75,0.0022,1,54.29,33,27,low,C
1522,20,advanced,6,40,0,0.69,0.74,0.0009,1,61.27,27,11,low,C
1523,109,intermediate,16,164,0,0.53,0.79,0.0173,1,51.28,4,8,low,C
1524,83,advanced,12,238,0,0.29,0.37,0.0015,0,,23,14,low,A
1525,46,advanced,15,43,0,0.55,0.6,0.0014,1,62.08,5,12,low,C
1526,160,advanced,19,232,0,0.85,0.93,0.0018,0,,31,12,medium,A
1527,58,beginner,6,76,0,0.67,1.0,0.0381,0,,19,16,low,D
1528,128,beginner,23,188,1,0.59,0.86,0.0207,1,23.03,31,4,medium,D
1529,10,intermediate,10,162,0,0.8,1.0,0.0094,1,40.74,21,11,low,D
1530,66,beginner,15,224,0,0.49,0.76,0.0111,1,13.97,27,18,low,D
1531,5,beginner,11,39,0,0.79,1.0,0.0346,1,21.63,26,9,low,D
1532,93,beginner,12,100,0,0.82,1.0,0.0116,1,16.46,10,14,low,D
1533,17,advanced,23,121,1,0.76,0.82,0.0009,0,,31,27,medium,B
1534,194,intermediate,20,155,0,0.38,0.57,0.0081,1,41.74,49,6,low,D
1535,182,advanced,8,120,0,0.76,0.83,0.0026,0,,39,23,low,A
1536,194,intermediate,14,224,0,0.8,1.0,0.008,1,41.31,32,29,medium,D
1537,34,advanced,18,27,0,0.43,0.5,0.0061,0,,48,14,low,A
1538,174,advanced,21,55,0,0.55,0.65,0.0029,1,73.84,33,25,low,B
1539,107,advanced,11,240,0,0.44,0.54,0.0021,1,77.92,48,29,low,B
1540,96,intermediate,22,87,0,0.44,0.6,0.0062,1,52.08,0,1,low,C
1541,102,intermediate,7,143,0,0.7,0.83,0.005,1,47.75,21,4,low,D
1542,132,intermediate,8,93,0,0.81,0.9,0.0053,0,,36,29,low,D
1543,25,advanced,17,203,0,0.57,0.64,0.0014,1,62.16,42,16,low,C
1544,17,advanced,21,68,0,0.43,0.51,0.0015,1,86.7,28,25,low,A
1545,128,beginner,8,223,0,0.88,1.0,0.0162,1,7.88,26,11,medium,D
1546,103,advanced,10,144,0,0.69,0.79,0.0019,1,62.49,37,24,low,C
1547,128,beginner,20,47,0,0.56,0.77,0.0236,1,37.58,10,11,low,D
1548,71,advanced,19,174,0,0.63,0.73,0.0014,1,59.39,32,24,low,C
1549,50,intermediate,12,24,0,0.45,0.58,0.0056,1,55.07,22,29,low,C
1550,180,advanced,13,224,0,0.78,0.85,0.002,1,50.11,37,28,medium,C
1551,66,beginner,18,35,0,0.52,0.74,0.0287,1,27.49,23,7,low,D
1552,88,intermediate,21,173,0,0.35,0.46,0.0031,1,58.85,50,7,low,C
1553,172,beginner,15,25,0,0.77,1.0,0.0409,0,,2,3,low,C
1554,185,intermediate,12,211,0,0.73,0.91,0.0046,1,44.94,43,8,medium,D
1555,86,beginner,6,214,0,0.55,0.92,0.0307,1,42.54,12,28,low,D
1556,76,beginner,14,55,0,0.7,0.94,0.0126,1,11.71,2,26,low,D
1557,84,beginner,10,58,0,0.63,0.85,0.0303,1,0.21,2,16,low,D
1558,68,beginner,20,186,0,0.86,1.0,0.0255,1,-3.61,47,21,medium,D
1559,79,beginner,9,201,0,0.69,1.0,0.0223,0,,48,8,low,D
1560,135,beginner,22,24,0,0.6,0.76,0.0119,0,,19,13,low,C
1561,112,intermediate,7,25,0,0.76,0.86,0.0062,1,31.1,31,30,low,D
1562,17,advanced,15,106,0,0.45,0.5,0.0008,1,90.74,30,28,low,A
1563,76,beginner,21,39,0,0.73,0.96,0.0199,0,,37,26,low,C
1564,123,advanced,10,181,0,0.76,0.83,0.002,1,68.92,7,0,medium,B
1565,166,intermediate,10,103,0,0.59,0.81,0.0083,0,,49,26,low,C
1566,104,advanced,13,239,0,0.49,0.61,0.0016,1,82.22,32,10,low,A
1567,48,intermediate,13,140,0,0.42,0.63,0.0091,0,,30,23,low,C
1568,10,intermediate,9,71,0,0.82,0.96,0.0055,1,37.18,21,6,low,D
1569,31,beginner,17,172,0,0.67,0.95,0.0319,1,2.58,17,16,low,D
1570,63,beginner,23,136,1,0.67,1.0,0.0321,1,-0.41,17,5,low,D
1571,95,beginner,6,45,0,0.89,1.0,0.0104,1,-1.56,42,23,low,D
1572,133,advanced,6,151,0,0.77,0.85,0.0012,1,83.32,32,8,low,A
1573,158,intermediate,18,188,0,0.47,0.59,0.0065,0,,35,10,low,B
1574,57,advanced,8,106,0,0.36,0.43,0.001,1,98.88,20,19,low,A
1575,8,beginner,13,234,0,0.67,1.0,0.0181,1,12.27,27,19,low,D
1576,26,advanced,8,66,0,0.79,0.82,0.0007,0,,29,26,low,B
1577,48,intermediate,20,34,0,0.88,1.0,0.0051,1,38.73,12,15,low,D
1578,43,intermediate,9,28,0,0.35,0.45,0.0054,0,,20,10,low,D
1579,198,beginner,15,142,0,0.94,1.0,0.0054,1,27.71,48,17,low,D
1580,55,beginner,19,213,0,0.53,0.74,0.0111,1,34.01,49,12,low,D
1581,74,advanced,14,93,0,0.79,0.9,0.0022,1,58.27,46,21,low,C
1582,146,intermediate,18,214,0,0.68,0.81,0.0056,0,,41,18,low,A
1583,155,beginner,18,161,0,0.87,1.0,0.0212,0,,9,1,low,C
1584,140,intermediate,22,66,0,0.85,1.0,0.0077,0,,37,16,low,B
1585,146,intermediate,21,154,0,0.83,0.96,0.0048,1,41.11,42,24,low,D
1586,71,advanced,20,140,0,0.33,0.39,0.0012,1,74.62,14,21,low,B
1587,63,beginner,23,19,1,0.74,0.94,0.0456,1,10.01,7,19,medium,D
1588,79,beginner,11,29,0,0.59,0.7,0.0072,1,20.62,37,24,low,D
1589,160,advanced,9,132,0,0.62,0.73,0.0027,0,,28,0,low,B
1590,178,beginner,14,163,0,0.42,0.74,0.0285,1,29.61,42,1,low,D
1591,93,beginner,17,175,0,0.8,1.0,0.015,0,,25,1,low,C
1592,25,advanced,19,203,0,0.4,0.46,0.001,1,79.8,11,0,low,B
1593,14,intermediate,8,175,0,0.28,0.51,0.016,1,46.23,33,14,low,D
1594,106,intermediate,10,133,0,0.82,0.97,0.007,1,32.21,20,7,low,D
1595,64,advanced,19,226,0,0.29,0.35,0.0011,1,100.55,3,21,low,A
1596,76,beginner,13,168,0,0.53,0.78,0.015,1,23.85,33,13,low,D
1597,110,advanced,17,126,0,0.34,0.41,0.0013,0,,27,17,low,B
1598,172,beginner,19,177,0,0.72,0.97,0.014,1,34.04,49,16,low,D
1599,126,advanced,18,212,0,0.27,0.4,0.0034,1,69.61,19,4,low,B
1600,36,intermediate,23,71,1,0.47,0.64,0.0076,1,54.39,28,5,low,C
1601,137,advanced,13,198,0,0.72,0.78,0.001,1,81.78,44,26,medium,A
1602,132,intermediate,9,220,0,0.6,0.73,0.0049,1,29.2,45,26,low,D
1603,58,beginner,18,158,0,0.77,1.0,0.0382,1,3.97,0,4,low,D
1604,96,intermediate,19,201,0,0.66,0.9,0.0089,1,40.96,21,24,low,D
1605,200,advanced,12,66,0,0.41,0.46,0.0006,0,,14,4,low,A
1606,56,advanced,16,103,0,0.29,0.36,0.0012,1,74.59,2,28,low,B
1607,181,advanced,11,196,0,0.4,0.51,0.0016,0,,4,28,low,A
1608,17,advanced,16,167,0,0.75,0.81,0.0011,1,67.27,34,13,low,B
1609,161,intermediate,8,110,0,0.56,0.72,0.0054,0,,6,1,low,C
1610,37,advanced,22,43,0,0.68,0.72,0.0005,1,65.43,44,7,low,B
1611,181,advanced,7,164,0,0.77,0.86,0.0018,1,75.38,12,17,low,B
1612,134,beginner,6,99,0,0.8,1.0,0.0135,0,,31,25,low,B
1613,115,intermediate,21,90,0,0.8,0.95,0.0059,1,25.43,3,30,low,D
1614,139,advanced,8,21,0,0.4,0.44,0.0015,1,49.36,43,24,low,D
1615,19,beginner,19,53,0,0.6,0.78,0.0122,1,20.14,28,18,low,D
1616,142,intermediate,21,49,0,0.39,0.53,0.005,0,,23,26,low,B
1617,118,beginner,11,238,0,0.59,0.99,0.0245,1,23.45,16,1,low,D
1618,170,advanced,15,206,0,0.83,0.92,0.0018,1,42.16,46,29,medium,D
1619,194,intermediate,19,226,0,0.45,0.64,0.0063,1,46.32,10,25,low,D
1620,181,advanced,17,55,0,0.58,0.63,0.0011,1,73.31,19,23,low,B
1621,22,beginner,9,192,0,0.92,1.0,0.0076,1,25.7,26,0,medium,D
1622,84,beginner,15,139,0,0.36,0.64,0.0283,0,,50,0,low,C
1623,122,intermediate,7,54,0,0.51,0.63,0.0041,1,34.73,2,29,low,D
1624,63,beginner,15,180,0,0.57,0.82,0.0153,0,,23,27,low,C
1625,180,advanced,17,145,0,0.82,0.9,0.0014,0,,16,10,low,B
1626,107,advanced,9,171,0,0.66,0.75,0.0016,1,81.11,14,9,low,A
1627,20,advanced,23,34,1,0.66,0.72,0.0027,1,84.39,22,25,low,A
1628,194,intermediate,22,230,0,0.86,1.0,0.0042,1,33.45,9,13,medium,D
1629,10,intermediate,21,154,0,0.48,0.58,0.0038,1,55.62,6,9,low,C
1630,45,beginner,11,67,0,0.45,0.98,0.0561,0,,43,2,low,C
1631,199,beginner,13,65,0,0.44,0.74,0.0224,0,,18,8,low,C
1632,149,advanced,18,222,0,0.38,0.52,0.0033,1,94.33,33,18,low,A
1633,136,intermediate,22,45,0,0.31,0.43,0.0121,0,,8,23,low,C
1634,175,advanced,8,207,0,0.84,0.92,0.002,0,,42,15,medium,A
1635,58,beginner,16,29,0,0.86,0.99,0.0126,1,10.99,5,13,low,D
1636,198,beginner,18,74,0,0.36,0.52,0.009,1,23.54,47,1,low,D
1637,114,beginner,16,54,0,0.84,1.0,0.0135,1,22.89,4,27,low,D
1638,122,intermediate,9,72,0,0.52,0.8,0.0173,1,63.44,27,3,low,C
1639,178,beginner,16,37,0,0.5,0.65,0.0185,0,,2,8,low,B
1640,154,beginner,7,85,0,0.74,1.0,0.0464,0,,0,0,low,B
1641,179,intermediate,6,226,0,0.31,0.55,0.0103,1,70.88,10,17,low,B
1642,71,advanced,7,151,0,0.33,0.39,0.0016,1,83.38,39,24,low,A
1643,129,advanced,13,195,0,0.32,0.44,0.003,1,90.6,17,6,low,A
1644,40,advanced,15,16,0,0.44,0.47,0.0009,0,,35,0,low,A
1645,34,advanced,6,36,0,0.49,0.53,0.0007,1,82.14,32,23,low,A
1646,79,beginner,7,173,0,0.47,0.67,0.0117,0,,39,8,low,C
1647,128,beginner,9,116,0,0.8,1.0,0.0193,0,,19,16,low,C
1648,114,beginner,6,149,0,0.74,1.0,0.0465,1,25.99,28,13,low,D
1649,125,advanced,10,86,0,0.61,0.7,0.0018,1,61.7,41,22,low,C
1650,63,beginner,19,143,0,0.6,1.0,0.0413,0,,33,2,low,B
1651,90,advanced,18,78,0,0.76,0.81,0.0012,0,,50,30,low,A
1652,7,intermediate,8,110,0,0.51,0.65,0.007,0,,36,27,low,B
1653,188,beginner,16,40,0,0.81,0.95,0.0192,0,,1,3,low,D
1654,96,intermediate,18,32,0,0.81,0.95,0.0086,1,61.16,44,27,low,C
1655,66,beginner,22,32,0,0.37,0.61,0.0298,0,,33,25,low,D
1656,72,beginner,7,166,0,0.42,0.75,0.0203,1,11.2,33,3,low,D
1657,146,intermediate,23,130,1,0.56,0.67,0.0037,0,,44,6,low,C
1658,106,intermediate,13,215,0,0.78,0.99,0.0116,1,42.03,18,28,medium,D
1659,188,beginner,16,164,0,0.5,0.95,0.0479,1,20.9,21,18,low,D
1660,39,advanced,8,15,0,0.74,0.77,0.0006,1,62.54,16,6,low,C
1661,26,advanced,15,95,0,0.72,0.75,0.0007,1,71.71,7,30,low,B
1662,20,advanced,18,15,0,0.26,0.28,0.0004,1,88.03,22,22,low,A
1663,34,advanced,13,140,0,0.35,0.43,0.0015,1,90.41,8,26,low,A
1664,80,advanced,15,190,0,0.65,0.77,0.0027,1,65.77,4,18,low,B
1665,6,intermediate,21,153,0,0.4,0.55,0.0076,1,20.27,8,6,low,D
1666,50,intermediate,10,149,0,0.57,0.72,0.0051,1,53.89,9,17,low,C
1667,130,beginner,15,172,0,0.6,1.0,0.0527,1,21.89,21,3,low,D
1668,163,beginner,9,187,0,0.92,1.0,0.0119,1,-0.81,48,9,medium,D
1669,16,intermediate,17,192,0,0.72,0.89,0.0054,1,36.53,49,12,medium,D
1670,197,beginner,18,69,0,0.65,1.0,0.0276,1,1.78,29,17,low,D
1671,187,beginner,8,226,0,0.46,0.72,0.0196,1,23.76,3,8,low,D
1672,111,intermediate,23,145,1,0.36,0.52,0.0056,1,47.81,23,12,low,D
1673,193,advanced,6,174,0,0.71,0.77,0.0013,1,70.71,46,18,low,B
1674,118,beginner,11,72,0,0.76,0.98,0.0141,0,,9,9,low,B
1675,41,beginner,23,77,1,0.8,1.0,0.02,1,16.12,7,13,medium,D
1676,29,beginner,8,21,0,0.88,1.0,0.0067,0,,44,17,low,C
1677,22,beginner,18,83,0,0.65,1.0,0.0343,1,29.34,30,15,low,D
1678,97,intermediate,23,184,1,0.84,1.0,0.009,0,,13,24,high,D
1679,177,intermediate,10,39,0,0.79,0.89,0.0033,0,,39,9,low,B
1680,171,advanced,15,100,0,0.51,0.58,0.0013,1,89.09,47,24,low,A
1681,127,beginner,17,191,0,0.85,1.0,0.0182,1,-2.5,6,11,medium,D
1682,35,intermediate,13,35,0,0.5,0.6,0.0051,1,59.16,27,4,low,C
1683,147,beginner,8,236,0,0.54,0.74,0.0134,1,18.5,19,3,low,D
1684,18,intermediate,7,210,0,0.69,0.87,0.0053,1,49.76,46,3,low,D
1685,65,beginner,14,225,0,0.5,0.95,0.0398,0,,11,3,low,D
1686,8,beginner,21,76,0,0.41,0.68,0.0284,1,29.61,9,22,low,D
1687,200,advanced,19,42,0,0.63,0.73,0.0035,1,88.61,9,12,low,A
1688,128,beginner,12,135,0,0.89,1.0,0.0094,1,19.9,19,3,low,D
1689,150,advanced,22,77,0,0.8,0.84,0.0012,0,,50,2,low,B
1690,84,beginner,12,199,0,0.45,1.0,0.0514,1,1.82,45,5,low,D
1691,139,advanced,7,122,0,0.67,0.72,0.001,1,52.72,35,23,low,C
1692,141,advanced,17,170,0,0.6,0.68,0.0015,1,35.07,32,11,low,D
1693,184,beginner,11,182,0,0.76,1.0,0.0311,0,,27,1,medium,B
1694,147,beginner,18,147,0,0.77,1.0,0.0264,1,8.31,40,17,low,D
1695,198,beginner,22,186,0,0.76,1.0,0.0201,1,21.88,4,13,medium,D
1696,190,advanced,22,62,0,0.68,0.78,0.0022,1,79.67,0,21,low,B
1697,113,advanced,13,128,0,0.26,0.36,0.0019,1,99.9,28,14,low,A
1698,8,beginner,19,96,0,0.87,1.0,0.0133,1,17.37,37,16,low,D
1699,42,beginner,18,134,0,0.69,0.96,0.019,1,11.53,36,28,low,D
1700,192,advanced,17,82,0,0.46,0.54,0.002,1,56.45,33,13,low,C
1701,17,advanced,17,144,0,0.7,0.76,0.0009,1,90.7,8,20,low,A
1702,147,beginner,6,23,0,0.85,1.0,0.0264,0,,20,7,low,D
1703,137,advanced,8,51,0,0.82,0.93,0.0042,1,77.36,3,22,low,B
1704,27,beginner,18,181,0,0.42,0.59,0.0073,1,19.32,47,1,low,D
1705,136,intermediate,10,52,0,0.6,0.79,0.0097,1,43.93,42,20,low,D
1706,174,advanced,21,176,0,0.83,0.92,0.0016,1,55.13,10,20,low,C
1707,140,intermediate,19,215,0,0.31,0.64,0.0115,1,51.14,9,12,low,C
1708,199,beginner,12,82,0,0.67,0.94,0.0235,1,-6.73,6,6,low,D
1709,159,intermediate,7,187,0,0.36,0.63,0.01,1,43.66,8,6,low,D
1710,22,beginner,6,121,0,0.88,1.0,0.0118,1,7.47,30,22,low,D
1711,185,intermediate,9,20,0,0.8,0.89,0.0066,1,49.4,10,30,low,D
1712,168,beginner,20,23,0,0.61,0.88,0.0236,1,-9.6,25,9,low,D
1713,130,beginner,6,176,0,0.78,1.0,0.0193,0,,44,2,low,D
1714,121,beginner,12,32,0,0.43,0.68,0.0169,1,7.55,5,19,low,D
1715,104,advanced,19,178,0,0.53,0.6,0.0018,1,82.63,16,22,low,A
1716,139,advanced,13,189,0,0.64,0.72,0.0017,0,,49,17,low,B
1717,102,intermediate,15,64,0,0.61,0.7,0.0057,1,50.11,28,3,low,C
1718,155,beginner,16,113,0,0.61,1.0,0.0294,1,28.83,17,26,low,D
1719,29,beginner,16,154,0,0.78,1.0,0.033,0,,2,15,low,B
1720,156,intermediate,15,161,0,0.6,0.74,0.0054,1,33.07,37,6,low,D
1721,85,beginner,20,177,0,0.87,1.0,0.0111,0,,6,9,low,C
1722,56,advanced,17,67,0,0.35,0.4,0.0008,1,53.58,19,26,low,C
1723,62,beginner,7,99,0,0.83,1.0,0.0254,1,20.28,17,13,low,D
1724,84,beginner,6,124,0,0.63,0.9,0.0171,0,,16,22,low,D
1725,145,advanced,12,97,0,0.71,0.77,0.0009,0,,2,26,low,B
1726,70,advanced,10,96,0,0.53,0.63,0.0015,1,42.81,0,25,low,D
1727,118,beginner,20,23,0,0.87,0.99,0.0074,1,4.88,27,16,low,D
1728,66,beginner,18,64,0,0.58,0.83,0.0267,1,13.59,43,25,low,D
1729,172,beginner,22,141,0,0.52,0.85,0.027,1,23.39,20,27,low,D
1730,119,beginner,20,119,0,0.43,0.82,0.0287,1,22.16,35,3,low,D
1731,5,beginner,7,80,0,0.73,1.0,0.0401,1,18.74,37,19,low,D
1732,123,advanced,10,93,0,0.49,0.59,0.003,1,77.67,20,13,low,B
1733,21,intermediate,13,21,0,0.72,0.86,0.0052,1,35.68,42,5,low,D
1734,74,advanced,16,239,0,0.61,0.69,0.0016,1,75.84,5,3,low,B
1735,192,advanced,9,58,0,0.58,0.66,0.0011,1,59.72,21,3,low,C
1736,19,beginner,18,74,0,0.58,0.83,0.0188,1,16.87,15,14,low,D
1737,107,advanced,8,84,0,0.4,0.47,0.0009,1,89.93,41,21,low,A
1738,48,intermediate,23,38,1,0.61,0.79,0.0107,1,56.6,8,22,low,C
1739,82,intermediate,19,169,0,0.87,0.97,0.0036,1,19.51,8,6,low,D
1740,74,advanced,11,30,0,0.27,0.31,0.0012,1,94.15,37,28,low,A
1741,94,advanced,17,31,0,0.47,0.56,0.0028,1,64.84,3,24,low,C
1742,189,advanced,13,140,0,0.3,0.37,0.0015,1,99.8,32,22,low,A
1743,128,beginner,11,104,0,0.82,1.0,0.0166,1,18.8,8,27,low,D
1744,39,advanced,17,102,0,0.33,0.39,0.001,1,84.78,22,12,low,A
1745,159,intermediate,23,211,1,0.53,0.73,0.0152,1,45.85,32,16,medium,D
1746,170,advanced,22,25,0,0.47,0.52,0.0012,1,75.96,28,14,low,B
1747,165,advanced,19,119,0,0.32,0.4,0.003,1,79.14,18,16,low,B
1748,93,beginner,10,171,0,0.58,0.97,0.0268,1,37.87,48,17,low,D
1749,116,advanced,19,67,0,0.72,0.77,0.0012,1,72.11,24,7,low,B
1750,126,advanced,21,138,0,0.68,0.74,0.0011,1,50.07,48,21,low,C
1751,174,advanced,14,50,0,0.74,0.8,0.001,1,78.66,31,27,low,B
1752,150,advanced,7,81,0,0.45,0.53,0.0022,1,71.04,45,2,low,B
1753,94,advanced,9,52,0,0.7,0.77,0.0012,1,76.86,33,1,low,B
1754,138,advanced,16,58,0,0.81,0.87,0.0008,1,69.34,3,1,low,B
1755,54,intermediate,20,195,0,0.42,0.58,0.006,1,44.11,0,15,low,D
1756,61,advanced,14,24,0,0.86,0.91,0.0014,0,,11,22,low,B
1757,45,beginner,8,138,0,0.6,0.98,0.0299,1,13.96,44,21,low,D
1758,165,advanced,18,23,0,0.7,0.74,0.0012,0,,16,9,low,B
1759,125,advanced,14,177,0,0.8,0.86,0.0015,0,,20,18,low,A
1760,98,beginner,8,121,0,0.36,0.76,0.0467,0,,4,24,low,C
1761,97,intermediate,8,70,0,0.78,0.89,0.0061,1,5.38,30,13,low,D
1762,23,intermediate,18,54,0,0.77,0.89,0.0063,1,33.1,17,23,low,D
1763,194,intermediate,16,70,0,0.74,0.96,0.0106,1,27.88,46,1,low,D
1764,12,advanced,23,211,1,0.73,0.79,0.0011,1,64.63,30,3,high,C
1765,74,advanced,23,98,1,0.55,0.63,0.002,1,73.39,20,26,low,B
1766,53,beginner,22,98,0,0.91,1.0,0.0054,1,15.18,30,20,low,D
1767,148,advanced,14,171,0,0.78,0.87,0.0012,1,59.02,10,12,low,C
1768,85,beginner,11,65,0,0.79,1.0,0.0106,0,,10,19,low,B
1769,4,advanced,14,147,0,0.38,0.5,0.0025,1,64.59,30,4,low,C
1770,120,advanced,12,58,0,0.7,0.77,0.0026,1,82.91,10,12,low,A
1771,139,advanced,10,146,0,0.48,0.56,0.0013,0,,34,18,low,B
1772,88,intermediate,7,232,0,0.57,0.79,0.0113,0,,15,30,low,A
1773,5,beginner,13,124,0,0.49,0.74,0.0225,1,28.74,20,25,low,D
1774,164,intermediate,17,204,0,0.39,0.56,0.0148,1,65.96,15,8,low,B
1775,28,advanced,17,24,0,0.53,0.6,0.0023,0,,7,3,low,A
1776,2,beginner,21,62,0,0.64,0.92,0.0247,1,10.77,47,7,low,D
1777,140,intermediate,8,153,0,0.72,0.84,0.0046,1,28.65,14,18,low,D
1778,170,advanced,13,53,0,0.58,0.64,0.0011,0,,25,12,low,B
1779,123,advanced,10,66,0,0.43,0.49,0.0022,0,,12,18,low,C
1780,187,beginner,21,147,0,0.58,0.79,0.0123,1,13.64,39,4,low,D
1781,4,advanced,6,149,0,0.32,0.43,0.0023,1,87.69,29,18,low,A
1782,132,intermediate,11,62,0,0.56,0.67,0.0066,1,36.33,31,12,low,D
1783,105,beginner,19,102,0,0.62,0.98,0.0477,1,28.65,4,4,low,D
1784,160,advanced,12,26,0,0.6,0.66,0.0008,0,,21,18,low,A
1785,191,beginner,11,239,0,0.55,0.77,0.0124,1,4.55,11,6,low,D
1786,69,advanced,12,84,0,0.64,0.69,0.0012,1,57.07,30,1,low,C
1787,164,intermediate,19,231,0,0.84,1.0,0.0094,1,38.77,11,8,medium,D
1788,33,beginner,19,21,0,0.53,0.74,0.0169,1,11.33,0,28,low,D
1789,42,beginner,14,143,0,0.5,0.7,0.0109,0,,19,2,low,D
1790,185,intermediate,22,41,0,0.6,0.71,0.0045,1,58.84,3,7,low,C
1791,57,advanced,20,226,0,0.67,0.77,0.0025,0,,26,1,low,B
1792,115,intermediate,11,224,0,0.43,0.63,0.0095,1,39.1,36,23,low,D
1793,92,beginner,12,164,0,0.61,0.93,0.0228,0,,26,7,low,B
1794,170,advanced,21,96,0,0.44,0.5,0.0011,1,49.18,38,16,low,D
1795,32,intermediate,12,144,0,0.79,0.91,0.0053,0,,30,5,low,C
1796,33,beginner,9,225,0,0.66,0.94,0.0141,1,19.37,19,26,low,D
1797,194,intermediate,20,173,0,0.4,0.55,0.0055,1,46.86,41,26,low,D
1798,184,beginner,14,72,0,0.53,0.91,0.0602,1,33.23,29,2,low,D
1799,26,advanced,23,233,1,0.67,0.74,0.0012,1,59.61,20,30,medium,C
1800,154,beginner,21,86,0,0.76,1.0,0.0206,0,,46,5,low,B
1801,174,advanced,6,93,0,0.83,0.89,0.0011,0,,46,16,low,A
1802,164,intermediate,20,157,0,0.65,0.81,0.0063,0,,5,20,low,B
1803,102,intermediate,12,107,0,0.53,0.75,0.0141,1,67.55,45,9,low,B
1804,159,intermediate,11,166,0,0.55,0.71,0.007,0,,2,14,low,C
1805,90,advanced,23,238,1,0.28,0.38,0.0026,0,,14,0,medium,B
1806,1,advanced,12,176,0,0.75,0.81,0.001,0,,3,30,low,C
1807,173,advanced,21,203,0,0.54,0.6,0.0013,0,,27,29,low,A
1808,125,advanced,6,220,0,0.39,0.47,0.0017,1,74.18,50,18,low,B
1809,111,intermediate,11,52,0,0.66,0.75,0.0037,1,46.49,26,11,low,D
1810,61,advanced,20,64,0,0.82,0.87,0.0012,1,61.41,43,18,low,C
1811,158,intermediate,17,110,0,0.53,0.7,0.0074,0,,6,2,low,C
1812,30,beginner,18,239,0,0.45,0.96,0.0302,0,,11,12,low,C
1813,110,advanced,18,27,0,0.56,0.67,0.005,0,,37,16,low,A
1814,96,intermediate,8,230,0,0.61,0.77,0.0058,1,51.18,32,0,low,C
1815,175,advanced,8,49,0,0.4,0.46,0.0013,1,88.65,44,15,low,A
1816,38,intermediate,21,49,0,0.38,0.48,0.0068,0,,14,3,low,C
1817,106,intermediate,7,226,0,0.9,1.0,0.0042,1,41.06,43,6,medium,D
1818,129,advanced,22,220,0,0.55,0.65,0.0019,1,68.54,9,9,low,B
1819,174,advanced,12,71,0,0.64,0.7,0.0009,1,60.01,12,7,low,C
1820,199,beginner,19,80,0,0.52,0.84,0.0262,0,,0,30,low,B
1821,3,advanced,17,233,0,0.56,0.67,0.0019,1,50.91,0,25,low,C
1822,8,beginner,23,134,1,0.59,0.84,0.0175,1,24.21,19,19,low,D
1823,34,advanced,6,62,0,0.35,0.42,0.0019,1,79.01,40,2,low,B
1824,144,beginner,19,67,0,0.4,0.53,0.0078,1,30.05,7,16,low,D
1825,83,advanced,17,222,0,0.33,0.39,0.0013,1,79.83,31,7,low,B
1826,184,beginner,11,48,0,0.64,0.78,0.0106,1,40.33,7,14,low,D
1827,157,beginner,7,108,0,0.5,0.69,0.0128,0,,34,11,low,C
1828,93,beginner,14,149,0,0.89,1.0,0.0099,1,13.57,14,29,low,D
1829,123,advanced,8,141,0,0.35,0.48,0.0027,0,,37,30,low,A
1830,50,intermediate,14,46,0,0.58,0.77,0.0082,1,62.47,29,29,low,C
1831,185,intermediate,20,158,0,0.86,1.0,0.0086,1,51.41,20,26,low,C
1832,164,intermediate,19,225,0,0.51,0.65,0.0057,1,48.05,2,6,low,D
1833,14,intermediate,10,98,0,0.82,0.94,0.0057,1,5.07,10,23,low,D
1834,170,advanced,17,176,0,0.33,0.42,0.0013,1,42.99,29,29,low,D
1835,137,advanced,11,84,0,0.64,0.72,0.0019,1,59.65,1,12,low,C
1836,150,advanced,18,60,0,0.42,0.48,0.0012,1,94.99,21,1,low,A
1837,57,advanced,10,116,0,0.71,0.82,0.003,0,,18,7,low,A
1838,137,advanced,6,164,0,0.32,0.44,0.0029,1,75.39,41,22,low,B
1839,107,advanced,22,22,0,0.26,0.32,0.0009,1,76.83,32,26,low,B
1840,152,advanced,19,176,0,0.81,0.87,0.0009,0,,2,22,low,B
1841,37,advanced,11,21,0,0.29,0.37,0.0019,1,67.83,4,16,low,B
1842,136,intermediate,15,109,0,0.35,0.45,0.0042,0,,20,21,low,C
1843,27,beginner,18,20,0,0.76,0.87,0.0106,0,,48,10,low,C
1844,71,advanced,6,221,0,0.44,0.54,0.0015,0,,24,30,low,A
1845,160,advanced,18,161,0,0.58,0.64,0.001,1,72.86,13,23,low,B
1846,121,beginner,14,59,0,0.42,0.62,0.0132,1,26.38,14,6,low,D
1847,161,intermediate,9,43,0,0.65,0.86,0.0153,1,51.13,18,17,low,C
1848,119,beginner,14,115,0,0.74,1.0,0.0164,1,6.07,10,14,low,D
1849,28,advanced,12,163,0,0.38,0.46,0.0018,1,64.43,8,20,low,C
1850,121,beginner,9,106,0,0.86,1.0,0.0191,1,12.69,9,22,low,D
1851,133,advanced,11,231,0,0.67,0.75,0.0015,1,74.07,17,23,low,B
1852,82,intermediate,17,97,0,0.42,0.58,0.0101,1,26.28,39,1,low,D
1853,51,beginner,18,130,0,0.85,1.0,0.0141,0,,38,0,low,B
1854,76,beginner,16,121,0,0.61,0.92,0.0379,1,27.34,35,11,low,D
1855,106,intermediate,17,219,0,0.72,0.93,0.0108,0,,25,30,medium,C
1856,13,beginner,18,160,0,0.51,0.75,0.0172,1,22.94,2,28,low,D
1857,173,advanced,20,51,0,0.68,0.73,0.0011,0,,17,12,low,A
1858,144,beginner,17,62,0,0.89,1.0,0.0069,1,5.01,42,3,low,D
1859,191,beginner,8,47,0,0.46,0.63,0.0173,1,41.05,26,25,low,D
1860,22,beginner,13,85,0,0.78,1.0,0.0181,0,,47,17,low,D
1861,161,intermediate,14,141,0,0.74,0.88,0.0049,1,40.62,6,13,low,D
1862,58,beginner,18,226,0,0.47,0.81,0.0277,0,,21,28,low,B
1863,198,beginner,19,139,0,0.59,0.84,0.0185,1,13.16,1,2,low,D
1864,22,beginner,12,238,0,0.48,0.8,0.0215,1,25.75,38,19,low,D
1865,126,advanced,17,163,0,0.63,0.71,0.0022,0,,45,8,low,B
1866,169,beginner,12,103,0,0.52,0.87,0.0305,1,25.69,21,20,low,D
1867,79,beginner,23,37,1,0.86,1.0,0.0062,0,,4,9,medium,D
1868,185,intermediate,18,97,0,0.43,0.54,0.0047,1,43.4,31,3,low,D
1869,26,advanced,15,131,0,0.72,0.77,0.0011,1,42.18,25,14,low,D
1870,114,beginner,9,116,0,0.71,1.0,0.028,1,30.23,50,14,low,D
1871,93,beginner,15,71,0,0.41,0.67,0.017,1,37.4,45,9,low,D
1872,126,advanced,21,167,0,0.79,0.87,0.0018,0,,34,18,low,A
1873,47,beginner,13,216,0,0.54,0.89,0.0385,0,,8,13,low,B
1874,73,beginner,10,98,0,0.79,1.0,0.0283,0,,42,24,low,C
1875,78,intermediate,6,130,0,0.75,1.0,0.0128,0,,3,20,low,B
1876,14,intermediate,12,199,0,0.43,0.54,0.0044,1,26.81,17,23,low,D
1877,45,beginner,23,235,1,0.58,0.98,0.0253,1,-4.03,17,12,medium,D
1878,21,intermediate,10,92,0,0.85,1.0,0.0072,0,,21,10,low,C
1879,15,intermediate,17,44,0,0.61,0.74,0.0051,1,27.22,43,26,low,D
1880,76,beginner,11,96,0,0.71,0.92,0.0124,1,11.14,36,30,low,D
1881,195,advanced,14,88,0,0.39,0.45,0.0014,1,44.37,22,19,low,D
1882,154,beginner,16,190,0,0.89,1.0,0.0162,1,19.62,5,7,medium,D
1883,197,beginner,17,171,0,0.32,0.68,0.0319,1,30.94,19,2,low,D
1884,182,advanced,23,129,1,0.59,0.65,0.0013,1,63.01,11,5,low,C
1885,162,intermediate,19,169,0,0.57,0.83,0.0131,0,,0,6,low,C
1886,139,advanced,13,20,0,0.6,0.67,0.0044,1,72.72,2,21,low,B
1887,25,advanced,6,191,0,0.81,0.93,0.0024,1,59.91,31,25,medium,C
1888,3,advanced,6,103,0,0.53,0.64,0.0036,1,64.94,14,1,low,C
1889,89,advanced,8,64,0,0.77,0.84,0.0013,1,79.11,18,20,low,B
1890,67,advanced,23,201,1,0.49,0.57,0.0027,1,75.13,30,26,medium,B
1891,179,intermediate,9,78,0,0.84,1.0,0.0129,1,42.39,4,27,low,D
1892,186,advanced,15,143,0,0.33,0.38,0.001,1,89.65,34,2,low,A
1893,84,beginner,17,191,0,0.43,0.61,0.0123,1,15.26,26,10,low,D
1894,36,intermediate,6,233,0,0.61,0.8,0.0089,1,40.12,34,4,low,D
1895,136,intermediate,21,58,0,0.6,0.75,0.0056,1,41.25,22,17,low,D
1896,161,intermediate,12,82,0,0.74,0.86,0.005,0,,11,2,low,C
1897,166,intermediate,12,172,0,0.88,1.0,0.005,1,25.73,32,27,low,D
1898,184,beginner,12,77,0,0.76,1.0,0.0152,0,,28,30,low,B
1899,5,beginner,13,75,0,0.45,0.65,0.0156,0,,7,23,low,C
1900,138,advanced,21,44,0,0.57,0.65,0.0019,0,,24,12,low,B
1901,82,intermediate,19,117,0,0.82,0.97,0.0106,0,,44,7,low,B
1902,80,advanced,17,164,0,0.55,0.63,0.002,0,,33,1,low,A
1903,106,intermediate,19,39,0,0.89,1.0,0.0059,1,41.86,19,11,low,D
1904,16,intermediate,11,157,0,0.43,0.77,0.0121,1,37.23,17,29,low,D
1905,79,beginner,18,239,0,0.62,0.85,0.0122,1,15.99,43,3,low,D
1906,1,advanced,8,230,0,0.29,0.36,0.001,1,90.39,8,29,low,A
1907,154,beginner,23,55,1,0.39,0.66,0.0277,1,31.86,43,24,low,D
1908,93,beginner,12,164,0,0.89,1.0,0.0063,0,,36,25,low,B
1909,103,advanced,22,92,0,0.36,0.43,0.0014,1,71.34,47,6,low,B
1910,191,beginner,19,54,0,0.86,1.0,0.0165,0,,48,17,low,C
1911,65,beginner,13,234,0,0.75,1.0,0.0369,1,13.75,33,6,medium,D
1912,139,advanced,21,114,0,0.6,0.69,0.0019,1,54.84,0,2,low,C
1913,16,intermediate,7,32,0,0.5,0.6,0.0077,1,34.65,36,3,low,D
1914,190,advanced,11,152,0,0.45,0.58,0.0022,1,70.35,31,2,low,B
1915,26,advanced,6,23,0,0.62,0.67,0.0008,1,56.93,39,24,low,C
1916,64,advanced,9,38,0,0.58,0.62,0.0014,1,64.75,27,21,low,C
1917,34,advanced,19,195,0,0.77,0.86,0.0027,1,56.73,0,28,medium,C
1918,50,intermediate,18,118,0,0.59,0.8,0.0111,1,53.9,18,19,low,C
1919,148,advanced,17,174,0,0.71,0.79,0.0016,1,69.63,40,16,low,B
1920,138,advanced,8,237,0,0.6,0.71,0.0022,0,,21,27,low,A
1921,89,advanced,19,133,0,0.8,0.91,0.0037,1,67.52,0,10,low,B
1922,166,intermediate,7,34,0,0.3,0.49,0.0118,1,46.33,30,7,low,D
1923,150,advanced,19,90,0,0.55,0.65,0.0021,1,105.88,29,12,low,A
1924,2,beginner,14,203,0,0.58,0.87,0.0142,1,23.67,5,29,low,D
1925,41,beginner,23,98,1,0.89,1.0,0.0192,1,-3.63,45,3,medium,D
1926,24,intermediate,20,187,0,0.72,0.96,0.0126,1,23.82,10,10,medium,D
1927,53,beginner,14,199,0,0.43,0.75,0.0235,1,23.44,45,17,low,D
1928,102,intermediate,20,219,0,0.39,0.64,0.012,1,57.38,45,28,low,C
1929,30,beginner,9,194,0,0.53,0.79,0.0183,1,18.41,49,2,low,D
1930,10,intermediate,6,227,0,0.83,0.98,0.0055,1,63.45,17,14,medium,C
1931,101,beginner,21,71,0,0.55,0.8,0.0121,0,,15,18,low,C
1932,159,intermediate,17,145,0,0.4,0.58,0.006,0,,22,1,low,C
1933,156,intermediate,19,147,0,0.71,0.85,0.0054,1,46.5,22,19,low,D
1934,77,advanced,13,79,0,0.29,0.37,0.0017,0,,32,25,low,B
1935,60,beginner,20,17,0,0.24,0.36,0.0203,0,,23,1,low,C
1936,46,advanced,9,174,0,0.83,0.92,0.0013,1,68.33,31,13,low,B
1937,7,intermediate,7,113,0,0.27,0.49,0.0174,1,55.48,5,26,low,C
1938,72,beginner,23,189,1,0.91,1.0,0.0225,1,14.74,33,22,high,D
1939,48,intermediate,20,190,0,0.54,0.77,0.0111,1,49.81,28,17,low,D
1940,134,beginner,15,199,0,0.66,0.88,0.0168,1,-0.61,24,29,low,D
1941,120,advanced,13,200,0,0.3,0.38,0.0015,1,90.9,47,24,low,A
1942,173,advanced,14,23,0,0.73,0.77,0.0004,1,62.1,0,12,low,C
1943,76,beginner,8,123,0,0.39,0.79,0.0376,1,24.01,9,25,low,D
1944,147,beginner,20,156,0,0.71,0.98,0.0148,0,,16,25,low,C
1945,10,intermediate,15,94,0,0.35,0.53,0.0137,1,54.73,23,14,low,C
1946,43,intermediate,8,81,0,0.63,0.89,0.0128,1,26.47,44,25,low,D
1947,185,intermediate,7,180,0,0.4,0.57,0.0092,1,69.2,30,12,low,B
1948,16,intermediate,23,33,1,0.75,0.88,0.0073,0,,35,5,medium,A
1949,33,beginner,20,65,0,0.48,0.67,0.0115,0,,7,3,low,C
1950,89,advanced,16,191,0,0.41,0.49,0.0014,1,76.46,18,19,low,B
1951,45,beginner,15,97,0,0.81,1.0,0.0231,1,0.1,46,13,low,D
1952,176,beginner,18,28,0,0.46,0.76,0.0358,1,23.1,12,10,low,D
1953,22,beginner,12,67,0,0.68,0.91,0.0182,0,,14,2,low,C
1954,158,intermediate,7,155,0,0.82,0.99,0.0044,1,35.78,25,5,low,D
1955,22,beginner,19,89,0,0.86,1.0,0.0119,0,,41,30,low,C
1956,180,advanced,7,22,0,0.69,0.74,0.002,1,59.81,24,16,low,C
1957,65,beginner,14,64,0,0.78,1.0,0.0261,0,,31,6,low,C
1958,155,beginner,16,201,0,0.37,0.65,0.0164,0,,47,0,low,C
1959,78,intermediate,22,203,0,0.7,0.96,0.0106,1,42.02,44,30,low,D
1960,51,beginner,21,103,0,0.53,0.83,0.0194,1,36.32,11,19,low,D
1961,107,advanced,14,60,0,0.44,0.53,0.0037,1,80.03,38,18,low,A
1962,197,beginner,18,210,0,0.71,0.93,0.0107,1,2.77,12,2,medium,D
1963,114,beginner,6,40,0,0.54,0.72,0.0118,1,12.58,15,8,low,D
1964,103,advanced,17,96,0,0.53,0.58,0.0014,0,,2,6,low,A
1965,145,advanced,22,166,0,0.68,0.79,0.0015,1,40.57,9,21,low,D
1966,172,beginner,14,24,0,0.36,0.51,0.0061,1,29.81,41,29,low,D
1967,12,advanced,10,130,0,0.65,0.71,0.0013,1,83.07,7,8,low,A
1968,64,advanced,21,240,0,0.83,0.95,0.0024,0,,28,21,medium,B
1969,143,intermediate,17,41,0,0.66,0.81,0.0115,1,39.89,11,20,low,D
1970,97,intermediate,19,19,0,0.53,0.65,0.007,1,25.33,29,16,low,D
1971,119,beginner,15,150,0,0.66,1.0,0.0421,1,5.88,37,11,low,D
1972,144,beginner,10,226,0,0.55,0.99,0.036,1,15.29,42,25,low,D
1973,24,intermediate,16,118,0,0.69,0.9,0.009,0,,28,2,low,B
1974,25,advanced,7,161,0,0.43,0.49,0.0017,0,,42,22,low,B
1975,78,intermediate,23,18,1,0.34,0.5,0.0109,0,,5,22,low,B
1976,120,advanced,9,168,0,0.33,0.41,0.0026,1,81.7,7,13,low,A
1977,21,intermediate,17,67,0,0.85,0.97,0.0061,0,,2,19,low,B
1978,51,beginner,13,122,0,0.59,0.85,0.0243,0,,42,0,low,B
1979,177,intermediate,9,166,0,0.75,0.98,0.0149,1,28.3,25,2,low,D
1980,101,beginner,16,86,0,0.39,0.68,0.0341,1,16.89,38,19,low,D
1981,165,advanced,12,47,0,0.46,0.52,0.0011,0,,14,15,low,A
1982,199,beginner,22,19,0,0.63,0.79,0.0201,0,,10,28,low,B
1983,93,beginner,10,121,0,0.47,0.83,0.0263,1,25.52,26,16,low,D
1984,21,intermediate,22,132,0,0.31,0.49,0.008,1,49.17,41,10,low,D
1985,6,intermediate,21,234,0,0.44,0.56,0.0045,0,,0,4,low,C
1986,121,beginner,23,83,1,0.88,1.0,0.0106,1,9.77,26,21,medium,D
1987,140,intermediate,14,132,0,0.76,0.91,0.0068,0,,22,26,low,B
1988,186,advanced,6,199,0,0.61,0.68,0.001,0,,2,27,low,A
1989,52,advanced,16,212,0,0.54,0.6,0.001,1,72.48,13,0,low,B
1990,152,advanced,22,199,0,0.45,0.52,0.0008,1,88.01,24,1,low,A
1991,80,advanced,19,134,0,0.58,0.7,0.0027,1,85.77,36,5,low,A
1992,122,intermediate,10,170,0,0.46,0.76,0.0102,1,46.44,10,12,low,D
1993,27,beginner,18,125,0,0.42,0.76,0.0271,1,20.74,14,18,low,D
1994,113,advanced,7,157,0,0.27,0.37,0.0024,0,,47,26,low,B
1995,62,beginner,22,15,0,0.61,0.82,0.028,1,14.27,25,13,low,D
1996,54,intermediate,14,93,0,0.42,0.58,0.0067,1,45.45,21,28,low,D
1997,83,advanced,17,121,0,0.77,0.83,0.001,1,61.67,27,14,low,C
1998,154,beginner,23,41,1,0.41,0.8,0.051,1,41.85,10,21,low,D
1999,98,beginner,6,70,0,0.68,0.84,0.0109,1,13.2,5,26,low,D
